ID,Level,German,English,CEFR
0001,1,aufgeben,abandon,B2
0002,1,Absolute,absolute,B2
0003,1,akademisch,academic,B2
0004,1,akzeptabel,acceptable,B2
0005,1,begleiten,accompany,B2
0006,1,Konto,account,B2
0007,1,genau,accurate,B2
0008,1,beschuldigen,accuse,B2
0009,1,anerkennen,acknowledge,B2
0010,1,erwerben,acquire,B2
0011,1,tatsächlich,actual,B2
0012,1,anpassen,adapt,B2
0013,1,zusätzlich,additional,B2
0014,1,Adresse,address,B2
0015,1,Verwaltung,administration,B2
0016,1,adoptieren,adopt,B2
0017,1,Vorauszahlung,advance,B2
0018,1,Affäre,affair,B2
0019,1,nachher,afterwards,B2
0020,1,Agentur,agency,B2
0021,1,Agenda,agenda,B2
0022,1,aggressiv,aggressive,B2
0023,1,Hilfe,aid,B2
0024,1,Flugzeug,aircraft,B2
0025,1,Alarm,alarm,B2
0026,1,ändern,alter,B2
0027,1,Menge,amount,B2
0028,1,Wut,anger,B2
0029,1,Winkel,angle,B2
0030,1,Jubiläum,anniversary,B2
0031,1,jährlich,annual,B2
0032,1,ängstlich,anxious,B2
0033,1,ersichtlich,apparent,B2
0034,1,scheinbar,apparently,B2
0035,1,appellieren,appeal,B2
0036,1,Ansatz,approach,B2
0037,1,geeignet,appropriate,B2
0038,1,Genehmigung,approval,B2
0039,1,genehmigen,approve,B2
0040,1,entstehen,arise,B2
0041,1,bewaffnet,armed,B2
0042,1,Waffen,arms,B2
0043,1,künstlich,artificial,B2
0044,1,künstlerisch,artistic,B2
0045,1,beschämt,ashamed,B2
0046,1,Aspekt,aspect,B2
0047,1,bewerten,assess,B2
0048,1,Bewertung,assessment,B2
0049,1,assoziieren,associate,B2
0050,1,verbunden,associated,B2
0051,1,Verein,association,B2
0052,1,annehmen,assume,B2
0053,1,versuchen,attempt,B2
0054,1,zurück,back,B2
0055,1,Bakterien,bacteria,B2
0056,1,Bar,bar,B2
0057,1,Barriere,barrier,B2
0058,1,grundsätzlich,basically,B2
0059,1,Schlacht,battle,B2
0060,1,tragen,bear,B2
0061,1,schlagen,beat,B2
0062,1,bitten,beg,B2
0063,1,Sein,being,B2
0064,1,gebogen,bent,B2
0065,1,Wette,bet,B2
0066,1,darüber hinaus,beyond,B2
0067,1,Rechnung,bill,B2
0068,1,bitter,bitter,B2
0069,1,beschuldigen,blame,B2
0070,1,blind,blind,B2
0071,1,Bindung,bond,B2
0072,1,Grenze,border,B2
0073,1,schließen1,close1,B2
0074,1,eng,closely,B2
0075,1,Brust,breast,B2
0076,1,knapp,brief,B2
0077,1,breit,broad,B2
0078,1,übertragen,broadcast,B2
0079,1,Budget,budget,B2
0080,1,Kugel,bullet,B2
0081,1,Bündel,bunch,B2
0082,1,brennen,burn,B2
0083,1,Busch,bush,B2
0084,1,Aber,but,B2
0085,1,Kabel,cable,B2
0086,1,berechnen,calculate,B2
0087,1,stornieren,cancel,B2
0088,1,Krebs,cancer,B2
0089,1,fähig,capable,B2
0090,1,Kapazität,capacity,B2
0091,1,erfassen,capture,B2
0092,1,gießen,cast,B2
0093,1,fangen,catch,B2
0094,1,Zelle,cell,B2
0095,1,Kette,chain,B2
0096,1,Stuhl,chair,B2
0097,1,Vorsitzende,chairman,B2
0098,1,Herausforderung,challenge,B2
0099,1,Merkmal,characteristic,B2
0100,1,Diagramm,chart,B2
0101,2,Chef,chief,B2
0102,2,Umstand,circumstance,B2
0103,2,zitieren,cite,B2
0104,2,Bürger,citizen,B2
0105,2,bürgerlich,civil,B2
0106,2,Klassiker,classic,B2
0107,2,Zusammenbruch,collapse,B2
0108,2,Kombination,combination,B2
0109,2,Komfort,comfort,B2
0110,2,Befehl,command,B2
0111,2,Kommission,commission,B2
0112,2,Engagement,commitment,B2
0113,2,Ausschuss,committee,B2
0114,2,häufig,commonly,B2
0115,2,Komplex,complex,B2
0116,2,kompliziert,complicated,B2
0117,2,Komponente,component,B2
0118,2,Rat,council,B2
0119,2,Konzentration,concentration,B2
0120,2,Konzept,concept,B2
0121,2,Sorge,concern,B2
0122,2,betroffen,concerned,B2
0123,2,Benehmen,conduct,B2
0124,2,Vertrauen,confidence,B2
0125,2,Konflikt,conflict,B2
0126,2,verwirrend,confusing,B2
0127,2,bewusst,conscious,B2
0128,2,konservativ,conservative,B2
0129,2,Rücksichtnahme,consideration,B2
0130,2,konsistent,consistent,B2
0131,2,Konstante,constant,B2
0132,2,ständig,constantly,B2
0133,2,Konstrukt,construct,B2
0134,2,Konstruktion,construction,B2
0135,2,zeitgenössisch,contemporary,B2
0136,2,Wettbewerb,contest,B2
0137,2,Vertrag,contract,B2
0138,2,beitragen,contribute,B2
0139,2,Beitrag,contribution,B2
0140,2,konvertieren,convert,B2
0141,2,überzeugt,convinced,B2
0142,2,Kern,core,B2
0143,2,Unternehmen,corporate,B2
0144,2,County,county,B2
0145,2,Mut,courage,B2
0146,2,Absturz,crash,B2
0147,2,Schaffung,creation,B2
0148,2,Kreatur,creature,B2
0149,2,Kredit,credit,B2
0150,2,Crew,crew,B2
0151,2,Krise,crisis,B2
0152,2,Kriterium,criterion,B2
0153,2,Kritiker,critic,B2
0154,2,kritisch,critical,B2
0155,2,Kritik,criticism,B2
0156,2,kritisieren,criticize,B2
0157,2,Ernte,crop,B2
0158,2,entscheidend,crucial,B2
0159,2,weinen,cry,B2
0160,2,Heilung,cure,B2
0161,2,aktuell,current,B2
0162,2,Kurve,curve,B2
0163,2,gebogen,curved,B2
0164,2,Datum,date,B2
0165,2,Debatte,debate,B2
0166,2,Schulden,debt,B2
0167,2,anständig,decent,B2
0168,2,erklären,declare,B2
0169,2,Abfall,decline,B2
0170,2,Dekoration,decoration,B2
0171,2,verringern,decrease,B2
0172,2,tief,deeply,B2
0173,2,Verlust,defeat,B2
0174,2,Verteidigung,defence,B2
0175,2,verteidigen,defend,B2
0176,2,Verzögerung,delay,B2
0177,2,absichtlich,deliberate,B2
0178,2,absichtlich,deliberately,B2
0179,2,Freude,delight,B2
0180,2,erfreut,delighted,B2
0181,2,Lieferung,delivery,B2
0182,2,Nachfrage,demand,B2
0183,2,zeigen,demonstrate,B2
0184,2,leugnen,deny,B2
0185,2,gedrückt,depressed,B2
0186,2,deprimierend,depressing,B2
0187,2,Tiefe,depth,B2
0188,2,Wüste,desert,B2
0189,2,verdienen,deserve,B2
0190,2,Wunsch,desire,B2
0191,2,verzweifelt,desperate,B2
0192,2,Detail,detail,B2
0193,2,detailliert,detailed,B2
0194,2,erkennen,detect,B2
0195,2,graben,dig,B2
0196,2,Scheibe,disc,B2
0197,2,Disziplin,discipline,B2
0198,2,Rabatt,discount,B2
0199,2,unehrlich,dishonest,B2
0200,2,zurückweisen,dismiss,B2
0201,3,Anzeige,display,B2
0202,3,verteilen,distribute,B2
0203,3,Verteilung,distribution,B2
0204,3,Bezirk,district,B2
0205,3,teilen,divide,B2
0206,3,Division,division,B2
0207,3,dokumentieren,document,B2
0208,3,inländisch,domestic,B2
0209,3,dominieren,dominate,B2
0210,3,nach unten,downwards,B2
0211,3,Dutzend,dozen,B2
0212,3,Entwurf,draft,B2
0213,3,ziehen,drag,B2
0214,3,dramatisch,dramatic,B2
0215,3,bearbeiten,edit,B2
0216,3,Ausgabe,edition,B2
0217,3,effizient,efficient,B2
0218,3,ältere Menschen,elderly,B2
0219,3,wählen,elect,B2
0220,3,anderswo,elsewhere,B2
0221,3,auftauchen,emerge,B2
0222,3,emotional,emotional,B2
0223,3,Schwerpunkt,emphasis,B2
0224,3,betonen,emphasize,B2
0225,3,aktivieren,enable,B2
0226,3,begegnen,encounter,B2
0227,3,engagieren,engage,B2
0228,3,erweitern,enhance,B2
0229,3,Anfrage,enquiry,B2
0230,3,sicherstellen,ensure,B2
0231,3,Begeisterung,enthusiasm,B2
0232,3,enthusiastisch,enthusiastic,B2
0233,3,gesamte,entire,B2
0234,3,vollständig,entirely,B2
0235,3,gleich,equal,B2
0236,3,gründen,establish,B2
0237,3,Anwesen,estate,B2
0238,3,schätzen,estimate,B2
0239,3,ethisch,ethical,B2
0240,3,auswerten,evaluate,B2
0241,3,sogar,even,B2
0242,3,teuflisch,evil,B2
0243,3,Prüfung,examination,B2
0244,3,Entschuldigung,excuse,B2
0245,3,Exekutive,executive,B2
0246,3,Existenz,existence,B2
0247,3,Erwartung,expectation,B2
0248,3,Aufwand,expense,B2
0249,3,Erforschung,exploration,B2
0250,3,exponieren,expose,B2
0251,3,verlängern,extend,B2
0252,3,Ausmaß,extent,B2
0253,3,extern,external,B2
0254,3,außergewöhnlich,extraordinary,B2
0255,3,extrem,extreme,B2
0256,3,Einrichtung,facility,B2
0257,3,Versagen,failure,B2
0258,3,Glaube,faith,B2
0259,3,Fehler,fault,B2
0260,3,favorisieren,favour,B2
0261,3,Feder,feather,B2
0262,3,Gebühr,fee,B2
0263,3,füttern,feed,B2
0264,3,Rückmeldung,feedback,B2
0265,3,fühlen,feel,B2
0266,3,Gefährte,fellow,B2
0267,3,Abbildung,igure,B2
0268,3,ile,ile,B2
0269,3,Finanzen,inance,B2
0270,3,inding,inding,B2
0271,3,irm,irm,B2
0272,3,ix,ix,B2
0273,3,lahm,lame,B2
0274,3,Peitsche,lash,B2
0275,3,lexibel,lexible,B2
0276,3,loat,loat,B2
0277,3,falten,fold,B2
0278,3,falten,folding,B2
0279,3,folgende,following,B2
0280,3,verzeihen,forgive,B2
0281,3,ehemalig,former,B2
0282,3,Vermögen,fortune,B2
0283,3,nach vorne,forward,B2
0284,3,gefunden,found,B2
0285,3,frei,free,B2
0286,3,Freiheit,freedom,B2
0287,3,Frequenz,frequency,B2
0288,3,Kraftstoff,fuel,B2
0289,3,voll,fully,B2
0290,3,Funktion,function,B2
0291,3,Fonds,fund,B2
0292,3,grundlegend,fundamental,B2
0293,3,Finanzierung,funding,B2
0294,3,Außerdem,furthermore,B2
0295,3,gewinnen,gain,B2
0296,3,Gang,gang,B2
0297,3,erzeugen,generate,B2
0298,3,Genre,genre,B2
0299,3,regieren,govern,B2
0300,3,greifen,grab,B2
0301,4,Grad,grade,B2
0302,4,schrittweise,gradually,B2
0303,4,großartig,grand,B2
0304,4,gewähren,grant,B2
0305,4,Garantie,guarantee,B2
0306,4,handhaben,handle,B2
0307,4,Schaden,harm,B2
0308,4,schädlich,harmful,B2
0309,4,Anhörung,hearing,B2
0310,4,Himmel,heaven,B2
0311,4,Ferse,heel,B2
0312,4,Hölle,hell,B2
0313,4,zögern,hesitate,B2
0314,4,hoch,high,B2
0315,4,mieten,hire,B2
0316,4,halten,hold,B2
0317,4,hohl,hollow,B2
0318,4,heilig,holy,B2
0319,4,Ehre,honour,B2
0320,4,Gastgeber,host,B2
0321,4,Haus,house,B2
0322,4,Haushalt,household,B2
0323,4,Gehäuse,housing,B2
0324,4,humorvoll,humorous,B2
0325,4,Humor,humour,B2
0326,4,Jagd,hunt,B2
0327,4,Jagd,hunting,B2
0328,4,verletzt,hurt,B2
0329,4,Ideal,ideal,B2
0330,4,veranschaulichen,illustrate,B2
0331,4,Illustration,illustration,B2
0332,4,Vorstellung,imagination,B2
0333,4,ungeduldig,impatient,B2
0334,4,implizieren,imply,B2
0335,4,auferlegen,impose,B2
0336,4,beeindrucken,impress,B2
0337,4,beeindruckt,impressed,B2
0338,4,Zoll,inch,B2
0339,4,Vorfall,incident,B2
0340,4,Einkommen,income,B2
0341,4,zunehmend,increasingly,B2
0342,4,industriell,industrial,B2
0343,4,Infektion,infection,B2
0344,4,informieren,inform,B2
0345,4,anfänglich,initial,B2
0346,4,anfänglich,initially,B2
0347,4,Initiative,initiative,B2
0348,4,innere,inner,B2
0349,4,Einblick,insight,B2
0350,4,pochen,insist,B2
0351,4,inspirieren,inspire,B2
0352,4,installieren,install,B2
0353,4,Beispiel,instance,B2
0354,4,Institut,institute,B2
0355,4,Institution,institution,B2
0356,4,Versicherung,insurance,B2
0357,4,beabsichtigt,intended,B2
0358,4,intensiv,intense,B2
0359,4,intern,internal,B2
0360,4,interpretieren,interpret,B2
0361,4,unterbrechen,interrupt,B2
0362,4,Untersuchung,investigation,B2
0363,4,Investition,investment,B2
0364,4,Ausgabe,issue,B2
0365,4,Freude,joy,B2
0366,4,Urteil,judgement,B2
0367,4,Junior-,junior,B2
0368,4,Gerechtigkeit,justice,B2
0369,4,rechtfertigen,justify,B2
0370,4,Arbeit,labour,B2
0371,4,Landschaft,landscape,B2
0372,4,weitgehend,largely,B2
0373,4,letzte,latest,B2
0374,4,Start,launch,B2
0375,4,Führung,leadership,B2
0376,4,Liga,league,B2
0377,4,mager,lean,B2
0378,4,verlassen,leave,B2
0379,4,Ebene,level,B2
0380,4,Lizenz,licence,B2
0381,4,beschränkt,limited,B2
0382,4,Linie,line,B2
0383,4,lebhaft,lively,B2
0384,4,laden,load,B2
0385,4,Darlehen,loan,B2
0386,4,logisch,logical,B2
0387,4,langfristig,long-term,B2
0388,4,lose,loose,B2
0389,4,Herr,lord,B2
0390,4,niedrig,low,B2
0391,4,untere,lower,B2
0392,4,Lunge,lung,B2
0393,4,pflegen,maintain,B2
0394,4,mehrheitlich,majority,B2
0395,4,machen,make,B2
0396,4,Karte,map,B2
0397,4,Masse,mass,B2
0398,4,massiv,massive,B2
0399,4,Master,master,B2
0400,4,passend,matching,B2
0401,5,Material,material,B2
0402,5,maximal,maximum,B2
0403,5,bedeutet,means,B2
0404,5,Messung,measurement,B2
0405,5,Medium,medium,B2
0406,5,schmelzen,melt,B2
0407,5,Militär,military,B2
0408,5,Mineral,mineral,B2
0409,5,Minimum,minimum,B2
0410,5,Minister,minister,B2
0411,5,unerheblich,minor,B2
0412,5,Minderheit,minority,B2
0413,5,Mission,mission,B2
0414,5,Fehler,mistake,B2
0415,5,gemischt,mixed,B2
0416,5,Modell,model,B2
0417,5,ändern,modify,B2
0418,5,Monitor,monitor,B2
0419,5,Moral,moral,B2
0420,5,Motor,motor,B2
0421,5,montieren,mount,B2
0422,5,mehrere,multiple,B2
0423,5,multiplizieren,multiply,B2
0424,5,geheimnisvoll,mysterious,B2
0425,5,eng,narrow,B2
0426,5,national,national,B2
0427,5,sauber,neat,B2
0428,5,Negativ,negative,B2
0429,5,Nerv,nerve,B2
0430,5,Trotzdem,nevertheless,B2
0431,5,Alptraum,nightmare,B2
0432,5,Vorstellung,notion,B2
0433,5,zahlreich,numerous,B2
0434,5,gehorchen,obey,B2
0435,5,Objekt,object,B2
0436,5,Objektiv,objective,B2
0437,5,Verpflichtung,obligation,B2
0438,5,Beobachtung,observation,B2
0439,5,beobachten,observe,B2
0440,5,erhalten,obtain,B2
0441,5,gelegentlich,occasionally,B2
0442,5,Angriff,offence,B2
0443,5,beleidigen,offend,B2
0444,5,Offensive,offensive,B2
0445,5,offiziell,official,B2
0446,5,Öffnung,opening,B2
0447,5,arbeiten,operate,B2
0448,5,Gegner,opponent,B2
0449,5,ablehnen,oppose,B2
0450,5,dagegen,opposed,B2
0451,5,Opposition,opposition,B2
0452,5,Orgel,organ,B2
0453,5,Herkunft,origin,B2
0454,5,ansonsten,otherwise,B2
0455,5,Ergebnis,outcome,B2
0456,5,äußere,outer,B2
0457,5,Gliederung,outline,B2
0458,5,gesamt,overall,B2
0459,5,verdanken,owe,B2
0460,5,Tempo,pace,B2
0461,5,Paket,package,B2
0462,5,Panel,panel,B2
0463,5,Parlament,parliament,B2
0464,5,Teilnehmer,participant,B2
0465,5,teilweise,partly,B2
0466,5,Passage,passage,B2
0467,5,geduldig,patient,B2
0468,5,Rente1,pension1,B2
0469,5,dauerhaft,permanent,B2
0470,5,erlauben,permit,B2
0471,5,Perspektive,perspective,B2
0472,5,Phase,phase,B2
0473,5,Phänomen,phenomenon,B2
0474,5,Philosophie,philosophy,B2
0475,5,wählen,pick,B2
0476,5,Bild,picture,B2
0477,5,Stapel,pile,B2
0478,5,Tonhöhe,pitch,B2
0479,5,schmucklos,plain,B2
0480,5,Handlung,plot,B2
0481,5,plus1,plus1,B2
0482,5,spitz,pointed,B2
0483,5,Popularität,popularity,B2
0484,5,Pose,pose,B2
0485,5,Position,position,B2
0486,5,positiv,positive,B2
0487,5,besitzen,possess,B2
0488,5,Potenzial,potential,B2
0489,5,Leistung,power,B2
0490,5,Lob,praise,B2
0491,5,schwanger,pregnant,B2
0492,5,Vorbereitung,preparation,B2
0493,5,Gegenwart,presence,B2
0494,5,bewahren,preserve,B2
0495,5,Preis,price,B2
0496,5,Primzahl,prime,B2
0497,5,Prinzip,principle,B2
0498,5,drucken,print,B2
0499,5,Priorität,priority,B2
0500,5,Privatsphäre,privacy,B2
0501,6,Verfahren,procedure,B2
0502,6,Verfahren,process,B2
0503,6,produzieren,produce,B2
0504,6,Professional,professional,B2
0505,6,Fortschritt,progress,B2
0506,6,Projekt,project,B2
0507,6,nachweisen,proof,B2
0508,6,Vorschlag,proposal,B2
0509,6,vorschlagen,propose,B2
0510,6,Aussicht,prospect,B2
0511,6,Schutz,protection,B2
0512,6,Psychologe,psychologist,B2
0513,6,Psychologie,psychology,B2
0514,6,Veröffentlichung,publication,B2
0515,6,Schüler,pupil,B2
0516,6,kaufen,purchase,B2
0517,6,rein,pure,B2
0518,6,verfolgen,pursue,B2
0519,6,Reichweite,range,B2
0520,6,Rang,rank,B2
0521,6,schnell,rapid,B2
0522,6,schnell,rapidly,B2
0523,6,Rate,rate,B2
0524,6,roh,raw,B2
0525,6,erreichen,reach,B2
0526,6,realistisch,realistic,B2
0527,6,vernünftig,reasonable,B2
0528,6,abrufen,recall,B2
0529,6,genesen,recover,B2
0530,6,Reduktion,reduction,B2
0531,6,betrachten,regard,B2
0532,6,regional,regional,B2
0533,6,registrieren,register,B2
0534,6,Reue,regret,B2
0535,6,Verordnung,regulation,B2
0536,6,relativ,relatively,B2
0537,6,relevant,relevant,B2
0538,6,Erleichterung,relief,B2
0539,6,verlassen,rely,B2
0540,6,Bemerkung,remark,B2
0541,6,Vertreter,representative,B2
0542,6,Ruf,reputation,B2
0543,6,Erfordernis,requirement,B2
0544,6,Rettung,rescue,B2
0545,6,reservieren,reserve,B2
0546,6,Einwohner,resident,B2
0547,6,widerstehen,resist,B2
0548,6,lösen,resolve,B2
0549,6,Resort,resort,B2
0550,6,zurückbehalten,retain,B2
0551,6,aufdecken,reveal,B2
0552,6,Revolution,revolution,B2
0553,6,belohnen,reward,B2
0554,6,Rhythmus,rhythm,B2
0555,6,loswerden,rid,B2
0556,6,Wurzel,root,B2
0557,6,runden,round,B2
0558,6,Routine,routine,B2
0559,6,reiben,rub,B2
0560,6,Gummi,rubber,B2
0561,6,ländlich,rural,B2
0562,6,eilen,rush,B2
0563,6,Probe,sample,B2
0564,6,Satellit,satellite,B2
0565,6,befriedigt,satisfied,B2
0566,6,erfüllen,satisfy,B2
0567,6,sparen,saving,B2
0568,6,Skala,scale,B2
0569,6,Zeitplan,schedule,B2
0570,6,Schema,scheme,B2
0571,6,schreien,scream,B2
0572,6,Bildschirm,screen,B2
0573,6,Sitz,seat,B2
0574,6,Sektor,sector,B2
0575,6,sicher,secure,B2
0576,6,suchen,seek,B2
0577,6,wählen,select,B2
0578,6,Auswahl,selection,B2
0579,6,selbst,self,B2
0580,6,Senior,senior,B2
0581,6,Sinn,sense,B2
0582,6,empfindlich,sensitive,B2
0583,6,Satz,sentence,B2
0584,6,Sequenz,sequence,B2
0585,6,Sitzung,session,B2
0586,6,siedeln,settle,B2
0587,6,schwer,severe,B2
0588,6,Schatten,shade,B2
0589,6,Schatten,shadow,B2
0590,6,seicht,shallow,B2
0591,6,Scham,shame,B2
0592,6,Form,shape,B2
0593,6,Unterschlupf,shelter,B2
0594,6,Schicht,shift,B2
0595,6,Schiff,ship,B2
0596,6,Schock,shock,B2
0597,6,schockiert,shocked,B2
0598,6,Schießen,shooting,B2
0599,6,Schuss,shot,B2
0600,6,bedeutsam,significant,B2
0601,7,deutlich,significantly,B2
0602,7,Schweigen,silence,B2
0603,7,Seide,silk,B2
0604,7,aufrichtig,sincere,B2
0605,7,Sklave,slave,B2
0606,7,gleiten,slide,B2
0607,7,leicht,slight,B2
0608,7,Beleg,slip,B2
0609,7,Neigung,slope,B2
0610,7,Solar-,solar,B2
0611,7,etwas,somewhat,B2
0612,7,Seele,soul,B2
0613,7,Spezialist,specialist,B2
0614,7,Spezies,species,B2
0615,7,Geschwindigkeit,speed,B2
0616,7,spirituell,spiritual,B2
0617,7,Teilt,split,B2
0618,7,Sponsor,sponsor,B2
0619,7,Stelle,spot,B2
0620,7,verbreiten,spread,B2
0621,7,stabil,stable,B2
0622,7,Bühne,stage,B2
0623,7,Stand,stand,B2
0624,7,starren,stare,B2
0625,7,Status,status,B2
0626,7,stetig,steady,B2
0627,7,Stahl,steel,B2
0628,7,steil,steep,B2
0629,7,Schritt,step,B2
0630,7,klebrig,sticky,B2
0631,7,steif,stiff,B2
0632,7,Aktie,stock,B2
0633,7,Gefahr,threat,B2
0634,7,Strom,stream,B2
0635,7,strecken,stretch,B2
0636,7,strikt,strict,B2
0637,7,schlagen,strike,B2
0638,7,Struktur,structure,B2
0639,7,Kampf,struggle,B2
0640,7,Sachen,stuff,B2
0641,7,Thema,subject,B2
0642,7,einreichen,submit,B2
0643,7,Summe,sum,B2
0644,7,Operation,surgery,B2
0645,7,umgeben,surround,B2
0646,7,Umgebung,surrounding,B2
0647,7,Umfrage,survey,B2
0648,7,verdächtig,suspect,B2
0649,7,schwören,swear,B2
0650,7,fegen,sweep,B2
0651,7,schalten,switch,B2
0652,7,Sympathie,sympathy,B2
0653,7,Geschichte,tale,B2
0654,7,Tank,tank,B2
0655,7,Ziel,target,B2
0656,7,reißen1,tear1,B2
0657,7,reißen2,tear2,B2
0658,7,vorübergehend,temporary,B2
0659,7,Begriff,term,B2
0660,7,Therapie,therapy,B2
0661,7,drohen,threaten,B2
0662,7,daher,thus,B2
0663,7,Zeit,time,B2
0664,7,Titel,title,B2
0665,7,Ton,tone,B2
0666,7,hart,tough,B2
0667,7,Schiene,track,B2
0668,7,überweisen,transfer,B2
0669,7,verwandeln,transform,B2
0670,7,Übergang,transition,B2
0671,7,Versuch,trial,B2
0672,7,wind2,wind2,B2
0673,7,Reise,trip,B2
0674,7,tropisch,tropical,B2
0675,7,Problem,trouble,B2
0676,7,wirklich,truly,B2
0677,7,Vertrauen,trust,B2
0678,7,versuchen,try,B2
0679,7,Melodie,tune,B2
0680,7,Tunnel,tunnel,B2
0681,7,letztlich,ultimately,B2
0682,7,unbewusst,unconscious,B2
0683,7,unerwartet,unexpected,B2
0684,7,einzigartig,unique,B2
0685,7,Universum,universe,B2
0686,7,unbekannt,unknown,B2
0687,7,obere,upper,B2
0688,7,nach oben,upwards,B2
0689,7,urban,urban,B2
0690,7,Drang,urge,B2
0691,7,Wert,value,B2
0692,7,variieren,vary,B2
0693,7,groß,vast,B2
0694,7,Veranstaltungsort,venue,B2
0695,7,sehr,very,B2
0696,7,über,via,B2
0697,7,Sieg,victory,B2
0698,7,Gewalt,violence,B2
0699,7,virtuell,virtual,B2
0700,7,Vision,vision,B2
0701,8,visuell,visual,B2
0702,8,lebenswichtig,vital,B2
0703,8,Vitamin,vitamin,B2
0704,8,Volumen,volume,B2
0705,8,Lohn,wage,B2
0706,8,Weg,way,B2
0707,8,Schwäche,weakness,B2
0708,8,Reichtum,wealth,B2
0709,8,reich,wealthy,B2
0710,8,wohingegen,whereas,B2
0711,8,wo immer,wherever,B2
0712,8,flüstern,whisper,B2
0713,8,dem,whom,B2
0714,8,weit,widely,B2
0715,8,Tierwelt,wildlife,B2
0716,8,bereit,willing,B2
0717,8,Draht,wire,B2
0718,8,weise,wise,B2
0719,8,Zeuge,witness,B2
0720,8,schlechter,worse,B2
0721,8,am schlimmsten,worst,B2
0722,8,Wert,worth,B2
0723,8,Wunde,wound,B2
0724,8,wickeln,wrap,B2
0725,8,falsch,wrong,B2
0726,8,noch,yet,B2
0727,8,Zone,zone,B2
0728,8,absorbieren,absorb,B2
0729,8,Abstrakt,abstract,B2
0730,8,Akzent,accent,B2
0731,8,versehentlich,accidentally,B2
0732,8,unterbringen,accommodate,B2
0733,8,erreichen,accomplish,B2
0734,8,Buchhalter,accountant,B2
0735,8,Genauigkeit,accuracy,B2
0736,8,genau,accurately,B2
0737,8,Säure,acid,B2
0738,8,aktivieren,activate,B2
0739,8,Sucht,addiction,B2
0740,8,zusätzlich,additionally,B2
0741,8,angemessen,adequate,B2
0742,8,ausreichend,adequately,B2
0743,8,anpassen,adjust,B2
0744,8,erschwinglich,affordable,B2
0745,8,Landwirtschaft,agriculture,B2
0746,8,AIDS,AIDS,B2
0747,8,Ausländer,alien,B2
0748,8,neben,alongside,B2
0749,8,insgesamt,altogether,B2
0750,8,Krankenwagen,ambulance,B2
0751,8,amüsant,amusing,B2
0752,8,Analytiker,analyst,B2
0753,8,Vorfahr,ancestor,B2
0754,8,Animation,animation,B2
0755,8,jährlich,annually,B2
0756,8,antizipieren,anticipate,B2
0757,8,Angst,anxiety,B2
0758,8,Entschuldigung,apology,B2
0759,8,Antragsteller,applicant,B2
0760,8,angemessen,appropriately,B2
0761,8,Pfeil,arrow,B2
0762,8,Kunstwerk,artwork,B2
0763,8,beiseite,aside,B2
0764,8,Vermögenswert,asset,B2
0765,8,zuordnen,assign,B2
0766,8,Hilfe,assistance,B2
0767,8,Annahme,assumption,B2
0768,8,versichern,assure,B2
0769,8,erstaunlich,astonishing,B2
0770,8,Anhang,attachment,B2
0771,8,Auktion,auction,B2
0772,8,Audio-,audio,B2
0773,8,automatisch,automatic,B2
0774,8,automatisch,automatically,B2
0775,8,Bewusstsein,awareness,B2
0776,8,unangenehm,awkward,B2
0777,8,Abzeichen,badge,B2
0778,8,ausgewogen,balanced,B2
0779,8,Ballett,ballet,B2
0780,8,Ballon,balloon,B2
0781,8,kaum,barely,B2
0782,8,Schnäppchen,bargain,B2
0783,8,Keller,basement,B2
0784,8,Korb,basket,B2
0785,8,Schläger,bat,B2
0786,8,vorteilhaft,beneficial,B2
0787,8,neben,beside,B2
0788,8,außerdem,besides,B2
0789,8,Voreingenommenheit,bias,B2
0790,8,Gebot,bid,B2
0791,8,biologisch,biological,B2
0792,8,Decke,blanket,B2
0793,8,Schlag,blow,B2
0794,8,deutlich,bold,B2
0795,8,Bombardierung,bombing,B2
0796,8,Buchung,booking,B2
0797,8,Schub,boost,B2
0798,8,gebunden,bound,B2
0799,8,Ziegel,brick,B2
0800,8,knapp,briefly,B2
0801,9,Sender,broadcaster,B2
0802,9,breit,broadly,B2
0803,9,Insekt,bug,B2
0804,9,Kabine,cabin,B2
0805,9,Kanal,canal,B2
0806,9,Kerze,candle,B2
0807,9,Kohlenstoff,carbon,B2
0808,9,lässig,casual,B2
0809,9,Höhle,cave,B2
0810,9,Sicherheit,certainty,B2
0811,9,Zertifikat,certificate,B2
0812,9,herausfordernd,challenging,B2
0813,9,Meisterschaft,championship,B2
0814,9,charmant,charming,B2
0815,9,Verfolgungsjagd,chase,B2
0816,9,Wange,cheek,B2
0817,9,jubeln,cheer,B2
0818,9,Chor,choir,B2
0819,9,hacken,chop,B2
0820,9,Schaltung,circuit,B2
0821,9,Zivilisation,civilization,B2
0822,9,klären,clarify,B2
0823,9,klassifizieren,classify,B2
0824,9,Sachbearbeiter,clerk,B2
0825,9,Cliff,cliff,B2
0826,9,Klinik,clinic,B2
0827,9,Clip,clip,B2
0828,9,Zufall,coincidence,B2
0829,9,Kollektor,collector,B2
0830,9,Kolonie,colony,B2
0831,9,bunt,colourful,B2
0832,9,komisch,comic,B2
0833,9,Kommandant,commander,B2
0834,9,vergleichend,comparative,B2
0835,9,Fertigstellung,completion,B2
0836,9,komponieren,compose,B2
0837,9,Komponist,composer,B2
0838,9,Verbindung,compound,B2
0839,9,umfassend,comprehensive,B2
0840,9,umfassen,comprise,B2
0841,9,obligatorisch,compulsory,B2
0842,9,Beton,concrete,B2
0843,9,bekennen,confess,B2
0844,9,Verwirrung,confusion,B2
0845,9,folglich,consequently,B2
0846,9,unterscheidbar,distinct,B2
0847,9,unterscheiden,distinguish,B2
0848,9,ablenken,distract,B2
0849,9,Erhaltung,conservation,B2
0850,9,beträchtlich,considerable,B2
0851,9,wesentlich,considerably,B2
0852,9,konsequent,consistently,B2
0853,9,Verschwörung,conspiracy,B2
0854,9,konsultieren,consult,B2
0855,9,Berater,consultant,B2
0856,9,Verbrauch,consumption,B2
0857,9,umstritten,controversial,B2
0858,9,Kontroverse,controversy,B2
0859,9,Bequemlichkeit,convenience,B2
0860,9,Konvention,convention,B2
0861,9,konventionell,conventional,B2
0862,9,vermitteln,convey,B2
0863,9,überzeugend,convincing,B2
0864,9,bewältigen,cope,B2
0865,9,Gesellschaft,corporation,B2
0866,9,Korridor,corridor,B2
0867,9,Schalter,counter,B2
0868,9,Abdeckung,coverage,B2
0869,9,Riss,crack,B2
0870,9,Handwerk,craft,B2
0871,9,Kreativität,creativity,B2
0872,9,kritisch,critically,B2
0873,9,Kreuzfahrt,cruise,B2
0874,9,Stichwort,cue,B2
0875,9,neugierig,curious,B2
0876,9,Lehrplan,curriculum,B2
0877,9,Niedlich,cute,B2
0878,9,Molkerei,dairy,B2
0879,9,wagen,dare,B2
0880,9,Dunkelheit,darkness,B2
0881,9,Datenbank,database,B2
0882,9,Frist,deadline,B2
0883,9,tödlich,deadly,B2
0884,9,Händler,dealer,B2
0885,9,Deck,deck,B2
0886,9,Verteidiger,defender,B2
0887,9,löschen,delete,B2
0888,9,Demokratie,democracy,B2
0889,9,demokratisch,democratic,B2
0890,9,Demonstration,demonstration,B2
0891,9,abweichen,depart,B2
0892,9,abhängig,dependent,B2
0893,9,Kaution,deposit,B2
0894,9,Depression,depression,B2
0895,9,ableiten,derive,B2
0896,9,verzweifelt,desperately,B2
0897,9,Zerstörung,destruction,B2
0898,9,Bestimmung,determination,B2
0899,9,widmen,devote,B2
0900,9,abweichen,differ,B2
0901,10,Behinderung,disability,B2
0902,10,deaktiviert,disabled,B2
0903,10,Uneinigkeit,disagreement,B2
0904,10,enttäuschen,disappoint,B2
0905,10,Enttäuschung,disappointment,B2
0906,10,entmutigen,discourage,B2
0907,10,Störung,disorder,B2
0908,10,entfernt,distant,B2
0909,10,stören,disturb,B2
0910,10,tauchen,dive,B2
0911,10,vielfältig,diverse,B2
0912,10,Diversität,diversity,B2
0913,10,Scheidung,divorce,B2
0914,10,dominant,dominant,B2
0915,10,Spende,donation,B2
0916,10,Punkt,dot,B2
0917,10,Innenstadt,downtown,B2
0918,10,dramatisch,dramatically,B2
0919,10,Trockenheit,drought,B2
0920,10,langweilig,dull,B2
0921,10,entsorgen,dump,B2
0922,10,Dauer,duration,B2
0923,10,dynamisch,dynamic,B2
0924,10,Wirtschaft,economics,B2
0925,10,Ökonom,economist,B2
0926,10,Leitartikel,editorial,B2
0927,10,effizient,efficiently,B2
0928,10,Ellbogen,elbow,B2
0929,10,Elektronik,electronics,B2
0930,10,elegant,elegant,B2
0931,10,elementar,elementary,B2
0932,10,beseitigen,eliminate,B2
0933,10,umarmen,embrace,B2
0934,10,Emission,emission,B2
0935,10,emotional,emotionally,B2
0936,10,Reich,empire,B2
0937,10,angenehm,enjoyable,B2
0938,10,unterhaltsam,entertaining,B2
0939,10,Unternehmer,entrepreneur,B2
0940,10,Umschlag,envelope,B2
0941,10,ausrüsten,equip,B2
0942,10,Äquivalent,equivalent,B2
0943,10,Epoche,era,B2
0944,10,ausbrechen,erupt,B2
0945,10,im Wesentlichen,essentially,B2
0946,10,Ethik,ethic,B2
0947,10,ethnisch,ethnic,B2
0948,10,Auswertung,evaluation,B2
0949,10,offensichtlich,evident,B2
0950,10,Evolution,evolution,B2
0951,10,evolve,evolve,B2
0952,10,überschreiten,exceed,B2
0953,10,Ausnahme,exception,B2
0954,10,übertrieben,excessive,B2
0955,10,ausschließen,exclude,B2
0956,10,ausstellen,exhibit,B2
0957,10,Ausfahrt,exit,B2
0958,10,exotisch,exotic,B2
0959,10,Erweiterung,expansion,B2
0960,10,Sachverstand,expertise,B2
0961,10,ausbeuten,exploit,B2
0962,10,Belichtung,exposure,B2
0963,10,Verlängerung,extension,B2
0964,10,umfangreich,extensive,B2
0965,10,ausführlich,extensively,B2
0966,10,Extrakt,extract,B2
0967,10,Stoff,fabric,B2
0968,10,fabelhaft,fabulous,B2
0969,10,fehlgeschlagen,failed,B2
0970,10,gefälscht,fake,B2
0971,10,Ruhm,fame,B2
0972,10,Fantasie,fantasy,B2
0973,10,Fahrpreis,fare,B2
0974,10,föderal,federal,B2
0975,10,Fieber,fever,B2
0976,10,Feuerwehrmann,firefighter,B2
0977,10,Feuerwerk,firework,B2
0978,10,Firma,firm,B2
0979,10,fest,firmly,B2
0980,10,Geschmack,flavour,B2
0981,10,gern,fond,B2
0982,10,Narr,fool,B2
0983,10,verbieten,forbid,B2
0984,10,Vorhersage,forecast,B2
0985,10,Format,format,B2
0986,10,Bildung,formation,B2
0987,10,früher,formerly,B2
0988,10,glücklich,fortunate,B2
0989,10,Forum,forum,B2
0990,10,Fossil,fossil,B2
0991,10,Stiftung,foundation,B2
0992,10,Gründer,founder,B2
0993,10,Fraktion,fraction,B2
0994,10,Fragment,fragment,B2
0995,10,Rahmen,framework,B2
0996,10,Betrug,fraud,B2
0997,10,frei,freely,B2
0998,10,häufig,frequent,B2
0999,10,erfüllen,fulfil,B2
1000,10,Vollzeit,full-time,B2
1001,11,grundsätzlich,fundamentally,B2
1002,11,wütend,furious,B2
1003,11,Gaming,gaming,B2
1004,11,schwul,gay,B2
1005,11,Geschlecht,gender,B2
1006,11,Gen,gene,B2
1007,11,genetisch,genetic,B2
1008,11,Genius,genius,B2
1009,11,echt,genuine,B2
1010,11,original,genuinely,B2
1011,11,Geste,gesture,B2
1012,11,Auftritt,gig,B2
1013,11,Globalisierung,globalization,B2
1014,11,Globus,globe,B2
1015,11,golden,golden,B2
1016,11,Güte,goodness,B2
1017,11,wunderschön,gorgeous,B2
1018,11,Gouverneur,governor,B2
1019,11,Grafik,graphic,B2
1020,11,Grafik,graphics,B2
1021,11,stark,greatly,B2
1022,11,Gewächshaus,greenhouse,B2
1023,11,Lebensmittelgeschäft,grocery,B2
1024,11,Richtlinie,guideline,B2
1025,11,Lebensraum,habitat,B2
1026,11,Hafen,harbour,B2
1027,11,Hauptsitz,headquarters,B2
1028,11,heilen,heal,B2
1029,11,Gesundheitspflege,healthcare,B2
1030,11,Helm,helmet,B2
1031,11,somit,hence,B2
1032,11,Kraut,herb,B2
1033,11,versteckt,hidden,B2
1034,11,Autobahn,highway,B2
1035,11,urkomisch,hilarious,B2
1036,11,Hüfte,hip,B2
1037,11,Historiker,historian,B2
1038,11,obdachlos,homeless,B2
1039,11,Ehrlichkeit,honesty,B2
1040,11,Haken,hook,B2
1041,11,hoffentlich,hopefully,B2
1042,11,Hunger,hunger,B2
1043,11,Hypothese,hypothesis,B2
1044,11,Symbol,icon,B2
1045,11,AUSWEIS,ID,B2
1046,11,identisch,identical,B2
1047,11,Illusion,illusion,B2
1048,11,Einwanderung,immigration,B2
1049,11,immun,immune,B2
1050,11,implementieren,implement,B2
1051,11,Implikation,implication,B2
1052,11,Anreiz,incentive,B2
1053,11,einarbeiten,incorporate,B2
1054,11,falsch,incorrect,B2
1055,11,Unabhängigkeit,independence,B2
1056,11,Index,index,B2
1057,11,Anzeige,indication,B2
1058,11,unvermeidlich,inevitable,B2
1059,11,zwangsläufig,inevitably,B2
1060,11,schließen,infer,B2
1061,11,Inflation,inflation,B2
1062,11,Info,info,B2
1063,11,Infrastruktur,infrastructure,B2
1064,11,Einwohner,inhabitant,B2
1065,11,erben,inherit,B2
1066,11,Tinte,ink,B2
1067,11,Innovation,innovation,B2
1068,11,innovativ,innovative,B2
1069,11,Eingang,input,B2
1070,11,einfügen,insert,B2
1071,11,Inspektor,inspector,B2
1072,11,Installation,installation,B2
1073,11,sofort,instant,B2
1074,11,sofort,instantly,B2
1075,11,integrieren,integrate,B2
1076,11,intellektuell,intellectual,B2
1077,11,interagieren,interact,B2
1078,11,Interaktion,interaction,B2
1079,11,Interpretation,interpretation,B2
1080,11,Intervall,interval,B2
1081,11,einmarschieren,invade,B2
1082,11,Invasion,invasion,B2
1083,11,Investor,investor,B2
1084,11,isolieren,isolate,B2
1085,11,isoliert,isolated,B2
1086,11,Gefängnis,jail,B2
1087,11,Jet,jet,B2
1088,11,gemeinsam,joint,B2
1089,11,Journalismus,journalism,B2
1090,11,Jury,jury,B2
1091,11,Bausatz,kit,B2
1092,11,Leiter,ladder,B2
1093,11,Landung,landing,B2
1094,11,Fahrbahn,lane,B2
1095,11,in letzter Zeit,lately,B2
1096,11,Broschüre,leaflet,B2
1097,11,Legende,legend,B2
1098,11,Linse,lens,B2
1099,11,Lebensdauer,lifetime,B2
1100,11,Beleuchtung,lighting,B2
1101,12,ebenfalls,likewise,B2
1102,12,Einschränkung,limitation,B2
1103,12,buchstäblich,literally,B2
1104,12,literarisch,literary,B2
1105,12,Liter,litre,B2
1106,12,Wurf,litter,B2
1107,12,Logo,logo,B2
1108,12,Lotterie,lottery,B2
1109,12,treu,loyal,B2
1110,12,lyrisch,lyric,B2
1111,12,herrlich,magnificent,B2
1112,12,bilden,make-up,B2
1113,12,Herstellung,making,B2
1114,12,Herstellung,manufacture,B2
1115,12,Herstellung,manufacturing,B2
1116,12,Marathon,marathon,B2
1117,12,Marge,margin,B2
1118,12,Marker,marker,B2
1119,12,kriegerisch,martial,B2
1120,12,Kumpel,mate,B2
1121,12,Bürgermeister,mayor,B2
1122,12,Mechaniker,mechanic,B2
1123,12,mechanisch,mechanical,B2
1124,12,Mechanismus,mechanism,B2
1125,12,Medaille,medal,B2
1126,12,Medikamente,medication,B2
1127,12,Mitgliedschaft,membership,B2
1128,12,unvergesslich,memorable,B2
1129,12,Metapher,metaphor,B2
1130,12,Bergmann,miner,B2
1131,12,miserabel,miserable,B2
1132,12,Modus,mode,B2
1133,12,bescheiden,modest,B2
1134,12,Monster,monster,B2
1135,12,monatlich,monthly,B2
1136,12,Monument,monument,B2
1137,12,darüber hinaus,moreover,B2
1138,12,Hypothek,mortgage,B2
1139,12,Moschee,mosque,B2
1140,12,Bewegung,motion,B2
1141,12,motivieren,motivate,B2
1142,12,Motivation,motivation,B2
1143,12,bewegen,moving,B2
1144,12,Mythos,myth,B2
1145,12,nackt,naked,B2
1146,12,böse,nasty,B2
1147,12,Navigation,navigation,B2
1148,12,nahe,nearby,B2
1149,12,Notwendigkeit,necessity,B2
1150,12,verhandeln,negotiate,B2
1151,12,Verhandlung,negotiation,B2
1152,12,neutral,neutral,B2
1153,12,neu,newly,B2
1154,12,Norm,norm,B2
1155,12,Notizbuch,notebook,B2
1156,12,Romancier,novelist,B2
1157,12,heutzutage,nowadays,B2
1158,12,Pflege,nursing,B2
1159,12,Ernährung,nutrition,B2
1160,12,Fettleibigkeit,obesity,B2
1161,12,Beobachter,observer,B2
1162,12,Hindernis,obstacle,B2
1163,12,Beruf,occupation,B2
1164,12,besetzen,occupy,B2
1165,12,Täter,offender,B2
1166,12,fortlaufend,ongoing,B2
1167,12,offen,openly,B2
1168,12,Oper,opera,B2
1169,12,Operator,operator,B2
1170,12,optimistisch,optimistic,B2
1171,12,Orchester,orchestra,B2
1172,12,organisch,organic,B2
1173,12,Outfit,outfit,B2
1174,12,Ausgabe,output,B2
1175,12,hervorragend,outstanding,B2
1176,12,überwinden,overcome,B2
1177,12,über Nacht,overnight,B2
1178,12,Übersee-,overseas,B2
1179,12,Eigentum,ownership,B2
1180,12,Sauerstoff,oxygen,B2
1181,12,Paket,packet,B2
1182,12,Palme,palm,B2
1183,12,Panik,panic,B2
1184,12,Parade,parade,B2
1185,12,parallel,parallel,B2
1186,12,Teilnahme,participation,B2
1187,12,Partnerschaft,partnership,B2
1188,12,Teilzeit,part-time,B2
1189,12,leidenschaftlich,passionate,B2
1190,12,Passwort,password,B2
1191,12,Geduld,patience,B2
1192,12,Pause,pause,B2
1193,12,Peer,peer,B2
1194,12,Strafe,penalty,B2
1195,12,wahrnehmen,perceive,B2
1196,12,Wahrnehmung,perception,B2
1197,12,permanent,permanently,B2
1198,12,Pille,pill,B2
1199,12,Mitleid,pity,B2
1200,12,Platzierung,placement,B2
1201,13,Portion,portion,B2
1202,13,potenziell,potentially,B2
1203,13,vorausgehen,precede,B2
1204,13,wertvoll,precious,B2
1205,13,präzise,precise,B2
1206,13,genau,precisely,B2
1207,13,vorhersehbar,predictable,B2
1208,13,Präferenz,preference,B2
1209,13,Stolz,pride,B2
1210,13,in erster Linie,primarily,B2
1211,13,Rektor,principal,B2
1212,13,vor,prior,B2
1213,13,Wahrscheinlichkeit,probability,B2
1214,13,wahrscheinlich,probable,B2
1215,13,fortfahren,proceed,B2
1216,13,Programmierung,programming,B2
1217,13,progressiv,progressive,B2
1218,13,verbieten,prohibit,B2
1219,13,vielversprechend,promising,B2
1220,13,Förderung,promotion,B2
1221,13,prompt,prompt,B2
1222,13,Anteil,proportion,B2
1223,13,Protein,protein,B2
1224,13,Demonstrant,protester,B2
1225,13,psychologisch,psychological,B2
1226,13,Werbung,publicity,B2
1227,13,Veröffentlichung,publishing,B2
1228,13,Punk,punk,B2
1229,13,rein,purely,B2
1230,13,verfolgen,pursuit,B2
1231,13,Puzzle,puzzle,B2
1232,13,Fragebogen,questionnaire,B2
1233,13,rassisch,racial,B2
1234,13,Rassismus,racism,B2
1235,13,Rassist,racist,B2
1236,13,Strahlung,radiation,B2
1237,13,Schiene,rail,B2
1238,13,zufällig,random,B2
1239,13,Ratte,rat,B2
1240,13,Bewertung,rating,B2
1241,13,vernünftigerweise,reasonably,B2
1242,13,neu aufbauen,rebuild,B2
1243,13,Empfänger,receiver,B2
1244,13,Rezession,recession,B2
1245,13,rechnen,reckon,B2
1246,13,verschütten,spill,B2
1247,13,Erkennung,recognition,B2
1248,13,Erholung,recovery,B2
1249,13,rekrutieren,recruit,B2
1250,13,Werbung,recruitment,B2
1251,13,Schiedsrichter,referee,B2
1252,13,Flüchtling,refugee,B2
1253,13,Anmeldung,registration,B2
1254,13,regulieren,regulate,B2
1255,13,verstärken,reinforce,B2
1256,13,entlasten,relieve,B2
1257,13,erleichtert,relieved,B2
1258,13,bemerkenswert,remarkable,B2
1259,13,bemerkenswert,remarkably,B2
1260,13,Berichterstattung,reporting,B2
1261,13,zurücktreten,resign,B2
1262,13,Auflösung,resolution,B2
1263,13,wiederherstellen,restore,B2
1264,13,beschränken,restrict,B2
1265,13,Beschränkung,restriction,B2
1266,13,Einzelhandel,retail,B2
1267,13,Ruhestand,retirement,B2
1268,13,Einnahmen,revenue,B2
1269,13,Revision,revision,B2
1270,13,lächerlich,ridiculous,B2
1271,13,riskant,risky,B2
1272,13,Rivale,rival,B2
1273,13,rauben,rob,B2
1274,13,Raub,robbery,B2
1275,13,Rakete,rocket,B2
1276,13,Romantik,romance,B2
1277,13,Rose,rose,B2
1278,13,rund,roughly,B2
1279,13,Ruine,ruin,B2
1280,13,Zufriedenheit,satisfaction,B2
1281,13,Skandal,scandal,B2
1282,13,Schrecken,scare,B2
1283,13,Szenario,scenario,B2
1284,13,Gelehrte,scholar,B2
1285,13,Stipendium,scholarship,B2
1286,13,kratzen,scratch,B2
1287,13,Screening,screening,B2
1288,13,Sucher,seeker,B2
1289,13,Seminar,seminar,B2
1290,13,Siedler,settler,B2
1291,13,stark,severely,B2
1292,13,sexy,sexy,B2
1293,13,geformt,shaped,B2
1294,13,schockierend,shocking,B2
1295,13,Ufer,shore,B2
1296,13,Mangel,shortage,B2
1297,13,kurz,shortly,B2
1298,13,kurzfristig,short-term,B2
1299,13,Geschwister,sibling,B2
1300,13,Unterschrift,signature,B2
1301,14,Bedeutung,significance,B2
1302,14,kompetent,skilled,B2
1303,14,Schädel,skull,B2
1304,14,Slogan,slogan,B2
1305,14,sog,so-called,B2
1306,14,irgendwie,somehow,B2
1307,14,irgendwann,sometime,B2
1308,14,anspruchsvoll,sophisticated,B2
1309,14,Ersatzteil,spare,B2
1310,14,spezialisieren,specialize,B2
1311,14,angeben,specify,B2
1312,14,spektakulär,spectacular,B2
1313,14,Zuschauer,spectator,B2
1314,14,spekulieren,speculate,B2
1315,14,Spekulation,speculation,B2
1316,14,würzen,spice,B2
1317,14,Schatz,treasure,B2
1318,14,Stamm,tribe,B2
1319,14,Trotz,spite,B2
1320,14,verderben,spoil,B2
1321,14,Sprecher,spokesman,B2
1322,14,Sprecher,spokesperson,B2
1323,14,Sprecherin,spokeswoman,B2
1324,14,Sponsoring,sponsorship,B2
1325,14,sportlich,sporting,B2
1326,14,Stall,stall,B2
1327,14,Haltung,stance,B2
1328,14,verhungern,starve,B2
1329,14,ständig,steadily,B2
1330,14,Dampf,steam,B2
1331,14,stimulieren,stimulate,B2
1332,14,stärken,strengthen,B2
1333,14,streng,strictly,B2
1334,14,Schlaganfall,stroke,B2
1335,14,atemberaubend,stunning,B2
1336,14,anschließend,subsequent,B2
1337,14,anschließend,subsequently,B2
1338,14,Vorort,suburb,B2
1339,14,leiden,suffering,B2
1340,14,ausreichend,sufficient,B2
1341,14,ausreichend,sufficiently,B2
1342,14,super,super,B2
1343,14,Chirurg,surgeon,B2
1344,14,Überleben,survival,B2
1345,14,Überlebende,survivor,B2
1346,14,aussetzen,suspend,B2
1347,14,nachhaltig,sustainable,B2
1348,14,schlucken,swallow,B2
1349,14,sympathisch,sympathetic,B2
1350,14,angehen,tackle,B2
1351,14,Etikett,tag,B2
1352,14,klopfen,tap,B2
1353,14,technologisch,technological,B2
1354,14,Teenager,teens,B2
1355,14,Tempel,temple,B2
1356,14,vorübergehend,temporarily,B2
1357,14,Tendenz,tendency,B2
1358,14,Spannung,tension,B2
1359,14,Terminal,terminal,B2
1360,14,Bedingungen,terms,B2
1361,14,schrecklich,terribly,B2
1362,14,erschrecken,terrify,B2
1363,14,Gebiet,territory,B2
1364,14,Terror,terror,B2
1365,14,Terrorismus,terrorism,B2
1366,14,Terrorist,terrorist,B2
1367,14,Testen,testing,B2
1368,14,Lehrbuch,textbook,B2
1369,14,Diebstahl,theft,B2
1370,14,Therapeut,therapist,B2
1371,14,These,thesis,B2
1372,14,gründlich,thorough,B2
1373,14,gründlich,thoroughly,B2
1374,14,Daumen,thumb,B2
1375,14,Timing,timing,B2
1376,14,Gewebe,tissue,B2
1377,14,Tonne,ton,B2
1378,14,Tonne,tonne,B2
1379,14,Turnier,tournament,B2
1380,14,verfolgen,trace,B2
1381,14,Handel,trading,B2
1382,14,Tragödie,tragedy,B2
1383,14,tragisch,tragic,B2
1384,14,Eigenschaft,trait,B2
1385,14,übertragen,transmit,B2
1386,14,Transport,transportation,B2
1387,14,fangen,trap,B2
1388,14,auslösen,trigger,B2
1389,14,Billion,trillion,B2
1390,14,Truppe,troop,B2
1391,14,Tsunami,tsunami,B2
1392,14,ultimativ,ultimate,B2
1393,14,inakzeptabel,unacceptable,B2
1394,14,Unsicherheit,uncertainty,B2
1395,14,unterziehen,undergo,B2
1396,14,unternehmen,undertake,B2
1397,14,entfalten,unfold,B2
1398,14,unglücklich,unfortunate,B2
1399,14,vereinigen,unite,B2
1400,14,Einheit,unity,B2
1401,15,Universal-,universal,B2
1402,15,dringend,urgent,B2
1403,15,Verwendung,usage,B2
1404,15,nutzlos,useless,B2
1405,15,gültig,valid,B2
1406,15,Variation,variation,B2
1407,15,Vertikale,vertical,B2
1408,15,Standpunkt,viewpoint,B2
1409,15,Visum,visa,B2
1410,15,sichtbar,visible,B2
1411,15,freiwillig,voluntary,B2
1412,15,Wählen,voting,B2
1413,15,wandern,wander,B2
1414,15,Erwärmen,warming,B2
1415,15,wöchentlich,weekly,B2
1416,15,seltsam,weird,B2
1417,15,Wohlfahrt,welfare,B2
1418,15,Weizen,wheat,B2
1419,15,wer auch immer,whoever,B2
1420,15,weit verbreitet,widespread,B2
1421,15,Weisheit,wisdom,B2
1422,15,zurückziehen,withdraw,B2
1423,15,Belegschaft,workforce,B2
1424,15,Arbeitsplatz,workplace,B2
1425,15,Werkstatt,workshop,B2
1426,15,Wurm,worm,B2
1427,15,Handgelenk,wrist,B2
1428,15,abschaffen,abolish,C1
1429,15,Abtreibung,abortion,C1
1430,15,Abwesenheit,absence,C1
1431,15,abwesend,absent,C1
1432,15,absurd,absurd,C1
1433,15,Fülle,abundance,C1
1434,15,Missbrauch,abuse,C1
1435,15,Akademie,academy,C1
1436,15,beschleunigen,accelerate,C1
1437,15,Annahme,acceptance,C1
1438,15,zugänglich,accessible,C1
1439,15,Leistung,accomplishment,C1
1440,15,Übereinstimmung,accordance,C1
1441,15,entsprechend,accordingly,C1
1442,15,Rechenschaftspflicht,accountability,C1
1443,15,verantwortlich,accountable,C1
1444,15,akkumulieren,accumulate,C1
1445,15,Akkumulation,accumulation,C1
1446,15,Anklage,accusation,C1
1447,15,beschuldigt,accused,C1
1448,15,Erwerb,acquisition,C1
1449,15,Acre,acre,C1
1450,15,Aktivierung,activation,C1
1451,15,Aktivist,activist,C1
1452,15,akut,acute,C1
1453,15,Anpassung,adaptation,C1
1454,15,haften,adhere,C1
1455,15,benachbart,adjacent,C1
1456,15,Einstellung,adjustment,C1
1457,15,verwalten,administer,C1
1458,15,administrativ,administrative,C1
1459,15,Administrator,administrator,C1
1460,15,Zulassung,admission,C1
1461,15,Jugendlicher,adolescent,C1
1462,15,Annahme,adoption,C1
1463,15,nachteilig,adverse,C1
1464,15,Fürsprecher,advocate,C1
1465,15,ästhetisch,aesthetic,C1
1466,15,Zuneigung,affection,C1
1467,15,Nachwirkungen,aftermath,C1
1468,15,Aggression,aggression,C1
1469,15,landwirtschaftlich,agricultural,C1
1470,15,Berater,aide,C1
1471,15,obwohl,albeit,C1
1472,15,Alarm,alert,C1
1473,15,ausrichten,align,C1
1474,15,Ausrichtung,alignment,C1
1475,15,gleich,alike,C1
1476,15,Behauptung,allegation,C1
1477,15,behaupten,allege,C1
1478,15,angeblich,allegedly,C1
1479,15,Allianz,alliance,C1
1480,15,zuordnen,allocate,C1
1481,15,Zuweisung,allocation,C1
1482,15,Zuschuss,allowance,C1
1483,15,Verbündete,ally,C1
1484,15,Aluminium,aluminium,C1
1485,15,Amateur,amateur,C1
1486,15,Botschafter,ambassador,C1
1487,15,ändern,amend,C1
1488,15,Änderung,amendment,C1
1489,15,inmitten,amid,C1
1490,15,Analogie,analogy,C1
1491,15,Anker,anchor,C1
1492,15,Engel,angel,C1
1493,15,anonym,anonymous,C1
1494,15,Gerät,apparatus,C1
1495,15,ansprechend,appealing,C1
1496,15,Appetit,appetite,C1
1497,15,applaudieren,applaud,C1
1498,15,anwendbar,applicable,C1
1499,15,ernennen,appoint,C1
1500,15,Anerkennung,appreciation,C1
1501,16,willkürlich,arbitrary,C1
1502,16,architektonisch,architectural,C1
1503,16,Archiv,archive,C1
1504,16,Arena,arena,C1
1505,16,wohl,arguably,C1
1506,16,Arm,arm,C1
1507,16,Array,array,C1
1508,16,artikulieren,articulate,C1
1509,16,Asche,ash,C1
1510,16,Aspiration,aspiration,C1
1511,16,streben,aspire,C1
1512,16,Ermordung,assassination,C1
1513,16,Angriff,assault,C1
1514,16,montieren,assemble,C1
1515,16,Montage,assembly,C1
1516,16,behaupten,assert,C1
1517,16,Behauptung,assertion,C1
1518,16,Sicherheit,assurance,C1
1519,16,Asyl,asylum,C1
1520,16,Er,he,C1
1521,16,Ladung,cargo,C1
1522,16,begreifen,conceive,C1
1523,16,kriechen,crawl,C1
1524,16,Gräueltat,atrocity,C1
1525,16,erreichen,attain,C1
1526,16,Teilnahme,attendance,C1
1527,16,Rechtsanwalt,attorney,C1
1528,16,Attribut,attribute,C1
1529,16,Prüfung,audit,C1
1530,16,authentisch,authentic,C1
1531,16,autorisieren,authorize,C1
1532,16,Auto,auto,C1
1533,16,Autonomie,autonomy,C1
1534,16,Verfügbarkeit,availability,C1
1535,16,erwarten,await,C1
1536,16,Hintergrund,backdrop,C1
1537,16,Unterstützung,backing,C1
1538,16,Sicherung,backup,C1
1539,16,Kaution,bail,C1
1540,16,Abstimmung,ballot,C1
1541,16,Banner,banner,C1
1542,16,nackt,bare,C1
1543,16,Fass,barrel,C1
1544,16,Bass,bass,C1
1545,16,Schlachtfeld,battlefield,C1
1546,16,Bucht,bay,C1
1547,16,Strahl,beam,C1
1548,16,Tier,beast,C1
1549,16,Namen,behalf,C1
1550,16,geliebten,beloved,C1
1551,16,Bank,bench,C1
1552,16,Maßstab,benchmark,C1
1553,16,darunter,beneath,C1
1554,16,Begünstigter,beneficiary,C1
1555,16,verraten,betray,C1
1556,16,binden,bind,C1
1557,16,Biographie,biography,C1
1558,16,Bischof,bishop,C1
1559,16,bizarr,bizarre,C1
1560,16,Klinge,blade,C1
1561,16,Explosion,blast,C1
1562,16,bluten,bleed,C1
1563,16,Mischung,blend,C1
1564,16,segnen,bless,C1
1565,16,Segen,blessing,C1
1566,16,Prahlerei,boast,C1
1567,16,Bonus,bonus,C1
1568,16,Boom,boom,C1
1569,16,prallen,bounce,C1
1570,16,Grenze,boundary,C1
1571,16,Bogen,bow,C1
1572,16,Verstoß,breach,C1
1573,16,abbauen,breakdown,C1
1574,16,Durchbruch,breakthrough,C1
1575,16,züchten,breed,C1
1576,16,Breitband,broadband,C1
1577,16,Browser,browser,C1
1578,16,brutal,brutal,C1
1579,16,Bock,buck,C1
1580,16,Kumpel,buddy,C1
1581,16,Puffer,buffer,C1
1582,16,Schüttgut,bulk,C1
1583,16,Last,burden,C1
1584,16,Bürokratie,bureaucracy,C1
1585,16,Beerdigung,burial,C1
1586,16,platzen,burst,C1
1587,16,Kabinett,cabinet,C1
1588,16,Berechnung,calculation,C1
1589,16,Leinwand,canvas,C1
1590,16,Fähigkeit,capability,C1
1591,16,Kapitalismus,capitalism,C1
1592,16,Kapitalist,capitalist,C1
1593,16,Schöpfer,creator,C1
1594,16,Wagen,carriage,C1
1595,16,schnitzen,carve,C1
1596,16,Kasino,casino,C1
1597,16,Unfall,casualty,C1
1598,16,Katalog,catalogue,C1
1599,16,versorgen,cater,C1
1600,16,Vieh,cattle,C1
1601,17,Vorsicht,caution,C1
1602,17,zurückhaltend,cautious,C1
1603,17,aufhören,cease,C1
1604,17,Friedhof,cemetery,C1
1605,17,Kammer,chamber,C1
1606,17,Chaos,chaos,C1
1607,17,charakterisieren,characterize,C1
1608,17,Charme,charm,C1
1609,17,Charta,charter,C1
1610,17,chronisch,chronic,C1
1611,17,Brocken,chunk,C1
1612,17,zirkulieren,circulate,C1
1613,17,Verkehr,circulation,C1
1614,17,Staatsbürgerschaft,citizenship,C1
1615,17,bürgerlich,civic,C1
1616,17,Zivilist,civilian,C1
1617,17,Klarheit,clarity,C1
1618,17,Zusammenstoß,clash,C1
1619,17,Einstufung,classification,C1
1620,17,haften,cling,C1
1621,17,klinisch,clinical,C1
1622,17,Schließung,closure,C1
1623,17,Cluster,cluster,C1
1624,17,Koalition,coalition,C1
1625,17,Küste,coastal,C1
1626,17,Cocktail,cocktail,C1
1627,17,kognitiv,cognitive,C1
1628,17,übereinstimmen,coincide,C1
1629,17,zusammenarbeiten,collaborate,C1
1630,17,Zusammenarbeit,collaboration,C1
1631,17,kollektiv,collective,C1
1632,17,Kollision,collision,C1
1633,17,kolonial,colonial,C1
1634,17,Kolumnist,columnist,C1
1635,17,Kampf,combat,C1
1636,17,beginnen,commence,C1
1637,17,Kommentar,commentary,C1
1638,17,Kommentator,commentator,C1
1639,17,Handel,commerce,C1
1640,17,Kommissar,commissioner,C1
1641,17,Ware,commodity,C1
1642,17,kommunistisch,communist,C1
1643,17,Begleiter,companion,C1
1644,17,vergleichbar,comparable,C1
1645,17,Mitgefühl,compassion,C1
1646,17,zwingen,compel,C1
1647,17,zwingend,compelling,C1
1648,17,kompensieren,compensate,C1
1649,17,Entschädigung,compensation,C1
1650,17,Kompetenz,competence,C1
1651,17,kompetent,competent,C1
1652,17,kompilieren,compile,C1
1653,17,ergänzen,complement,C1
1654,17,Komplexität,complexity,C1
1655,17,Einhaltung,compliance,C1
1656,17,Komplikation,complication,C1
1657,17,einhalten,comply,C1
1658,17,Zusammensetzung,composition,C1
1659,17,Kompromiss,compromise,C1
1660,17,berechnen,compute,C1
1661,17,verbergen,conceal,C1
1662,17,zugeben,concede,C1
1663,17,Konzeption,conception,C1
1664,17,Konzession,concession,C1
1665,17,verurteilen,condemn,C1
1666,17,verleihen,confer,C1
1667,17,Geständnis,confession,C1
1668,17,Konfiguration,configuration,C1
1669,17,beschränken,confine,C1
1670,17,Bestätigung,confirmation,C1
1671,17,konfrontieren,confront,C1
1672,17,Konfrontation,confrontation,C1
1673,17,gratulieren,congratulate,C1
1674,17,Gemeinde,congregation,C1
1675,17,Kongress-,congressional,C1
1676,17,erobern,conquer,C1
1677,17,Gewissen,conscience,C1
1678,17,Bewusstsein,consciousness,C1
1679,17,aufeinanderfolgend,consecutive,C1
1680,17,Konsens,consensus,C1
1681,17,Zustimmung,consent,C1
1682,17,sparen,conserve,C1
1683,17,Konsistenz,consistency,C1
1684,17,konsolidieren,consolidate,C1
1685,17,Wahlkreis,constituency,C1
1686,17,bilden,constitute,C1
1687,17,Verfassung,constitution,C1
1688,17,verfassungsgemäß,constitutional,C1
1689,17,Zwang,constraint,C1
1690,17,Beratung,consultation,C1
1691,17,überlegen,contemplate,C1
1692,17,Verachtung,contempt,C1
1693,17,kämpfen,contend,C1
1694,17,Anwärter,contender,C1
1695,17,Inhalt,content,C1
1696,17,Streit,contention,C1
1697,17,ständig,continually,C1
1698,17,Auftragnehmer,contractor,C1
1699,17,Widerspruch,contradiction,C1
1700,17,Gegenteil,contrary,C1
1701,18,Mitwirkender,contributor,C1
1702,18,Konvertierung,conversion,C1
1703,18,Sträfling,convict,C1
1704,18,Überzeugung,conviction,C1
1705,18,zusammenarbeiten,cooperate,C1
1706,18,Kooperative,cooperative,C1
1707,18,koordinieren,coordinate,C1
1708,18,Koordinierung,coordination,C1
1709,18,Koordinator,coordinator,C1
1710,18,Polizist,cop,C1
1711,18,Kupfer,copper,C1
1712,18,Copyright,copyright,C1
1713,18,Korrektur,correction,C1
1714,18,Korrelat,correlate,C1
1715,18,Korrelation,correlation,C1
1716,18,entsprechen,correspond,C1
1717,18,Korrespondenz,correspondence,C1
1718,18,Korrespondent,correspondent,C1
1719,18,entsprechend,corresponding,C1
1720,18,korrupt,corrupt,C1
1721,18,Korruption,corruption,C1
1722,18,teuer,costly,C1
1723,18,Stadtrat,councillor,C1
1724,18,Beratung,counselling,C1
1725,18,Berater,counsellor,C1
1726,18,Gegenstück,counterpart,C1
1727,18,unzählige,countless,C1
1728,18,Coup,coup,C1
1729,18,Anstand,courtesy,C1
1730,18,Glaubwürdigkeit,credibility,C1
1731,18,glaubwürdig,credible,C1
1732,18,kriechen,creep,C1
1733,18,Kritik,critique,C1
1734,18,Krone,crown,C1
1735,18,grob,crude,C1
1736,18,zerquetschen,crush,C1
1737,18,Kristall,crystal,C1
1738,18,Kult,cult,C1
1739,18,pflegen,cultivate,C1
1740,18,Neugier,curiosity,C1
1741,18,Gewahrsam,custody,C1
1742,18,Schneiden,cutting,C1
1743,18,zynisch,cynical,C1
1744,18,Damm,dam,C1
1745,18,schädlich,damaging,C1
1746,18,Dämmerung,dawn,C1
1747,18,Trümmer,debris,C1
1748,18,Debüt,debut,C1
1749,18,Entscheidungsfindung,decision-making,C1
1750,18,entscheidend,decisive,C1
1751,18,Erklärung,declaration,C1
1752,18,gewidmet,dedicated,C1
1753,18,Hingabe,dedication,C1
1754,18,Tat,deed,C1
1755,18,denken,deem,C1
1756,18,Standard,default,C1
1757,18,Defekt,defect,C1
1758,18,Defensive,defensive,C1
1759,18,Mangel,deficiency,C1
1760,18,Defizit,deficit,C1
1761,18,trotzen,defy,C1
1762,18,delegieren,delegate,C1
1763,18,Delegation,delegation,C1
1764,18,empfindlich,delicate,C1
1765,18,Dämon,demon,C1
1766,18,Verweigerung,denial,C1
1767,18,anprangern,denounce,C1
1768,18,dicht,dense,C1
1769,18,Dichte,density,C1
1770,18,Abhängigkeit,dependence,C1
1771,18,abbilden,depict,C1
1772,18,einsetzen,deploy,C1
1773,18,Einsatz,deployment,C1
1774,18,berauben,deprive,C1
1775,18,Stellvertreter,deputy,C1
1776,18,absteigen,descend,C1
1777,18,Abstieg,descent,C1
1778,18,benennen,designate,C1
1779,18,wünschenswert,desirable,C1
1780,18,Desktop,desktop,C1
1781,18,destruktiv,destructive,C1
1782,18,festhalten,detain,C1
1783,18,Erkennung,detection,C1
1784,18,Festnahme,detention,C1
1785,18,verschlechtern,deteriorate,C1
1786,18,verwüsten,devastate,C1
1787,18,Teufel,devil,C1
1788,18,entwerfen,devise,C1
1789,18,diagnostizieren,diagnose,C1
1790,18,Diagnose,diagnosis,C1
1791,18,diktieren,dictate,C1
1792,18,Diktator,dictator,C1
1793,18,unterscheiden,differentiate,C1
1794,18,Würde,dignity,C1
1795,18,Dilemma,dilemma,C1
1796,18,Dimension,dimension,C1
1797,18,verringern,diminish,C1
1798,18,tauchen,dip,C1
1799,18,Diplomat,diplomat,C1
1800,18,diplomatisch,diplomatic,C1
1801,19,Verzeichnis,directory,C1
1802,19,katastrophal,disastrous,C1
1803,19,verwerfen,discard,C1
1804,19,Entladung,discharge,C1
1805,19,offenbaren,disclose,C1
1806,19,Offenlegung,disclosure,C1
1807,19,Diskurs,discourse,C1
1808,19,Diskretion,discretion,C1
1809,19,Diskriminierung,discrimination,C1
1810,19,Entlassung,dismissal,C1
1811,19,verdrängen,displace,C1
1812,19,Entsorgung,disposal,C1
1813,19,entsorgen,dispose,C1
1814,19,Disput,dispute,C1
1815,19,stören,disrupt,C1
1816,19,Störung,disruption,C1
1817,19,lösen,dissolve,C1
1818,19,Unterscheidung,distinction,C1
1819,19,unverwechselbar,distinctive,C1
1820,19,verzerren,distort,C1
1821,19,Not,distress,C1
1822,19,verstörend,disturbing,C1
1823,19,umleiten,divert,C1
1824,19,göttlich,divine,C1
1825,19,Lehre,doctrine,C1
1826,19,Dokumentation,documentation,C1
1827,19,Domain,domain,C1
1828,19,Dominanz,dominance,C1
1829,19,Spender,donor,C1
1830,19,Dosis,dose,C1
1831,19,Abfluss,drain,C1
1832,19,Drift,drift,C1
1833,19,Fahren,driving,C1
1834,19,ertrinken,drown,C1
1835,19,Dual,dual,C1
1836,19,Dub,dub,C1
1837,19,dumm,dumb,C1
1838,19,Duo,duo,C1
1839,19,erpicht,eager,C1
1840,19,Verdienst,earnings,C1
1841,19,Leichtigkeit,ease,C1
1842,19,Echo,echo,C1
1843,19,ökologisch,ecological,C1
1844,19,Erzieher,educator,C1
1845,19,Wirksamkeit,effectiveness,C1
1846,19,Effizienz,efficiency,C1
1847,19,Ego,ego,C1
1848,19,durchdacht,elaborate,C1
1849,19,Wahl,electoral,C1
1850,19,erheben,elevate,C1
1851,19,berechtigt,eligible,C1
1852,19,Elite,elite,C1
1853,19,einschiffen,embark,C1
1854,19,Verlegenheit,embarrassment,C1
1855,19,Botschaft,embassy,C1
1856,19,einbetten,embed,C1
1857,19,verkörpern,embody,C1
1858,19,Entstehung,emergence,C1
1859,19,empirisch,empirical,C1
1860,19,ermächtigen,empower,C1
1861,19,erlassen,enact,C1
1862,19,umfassen,encompass,C1
1863,19,Ermutigung,encouragement,C1
1864,19,ermutigend,encouraging,C1
1865,19,Bemühen,endeavour,C1
1866,19,endlos,endless,C1
1867,19,befürworten,endorse,C1
1868,19,Billigung,endorsement,C1
1869,19,aushalten,endure,C1
1870,19,erzwingen,enforce,C1
1871,19,Durchsetzung,enforcement,C1
1872,19,Engagement,engagement,C1
1873,19,fesselnd,engaging,C1
1874,19,erkundigen,enquire,C1
1875,19,bereichern,enrich,C1
1876,19,einschreiben,enrol,C1
1877,19,erfolgen,ensue,C1
1878,19,Unternehmen,enterprise,C1
1879,19,Enthusiast,enthusiast,C1
1880,19,berechtigen,entitle,C1
1881,19,juristische Person,entity,C1
1882,19,Epidemie,epidemic,C1
1883,19,Gleichwertigkeit,equality,C1
1884,19,Gleichung,equation,C1
1885,19,aufrecht,erect,C1
1886,19,eskalieren,escalate,C1
1887,19,Wesen,essence,C1
1888,19,Gründung,establishment,C1
1889,19,ewig,eternal,C1
1890,19,evakuieren,evacuate,C1
1891,19,evozieren,evoke,C1
1892,19,evolutionär,evolutionary,C1
1893,19,übertreiben,exaggerate,C1
1894,19,Exzellenz,excellence,C1
1895,19,außergewöhnlich,exceptional,C1
1896,19,Überschuss,excess,C1
1897,19,Ausschluss,exclusion,C1
1898,19,exklusiv,exclusive,C1
1899,19,ausschließlich,exclusively,C1
1900,19,ausführen,execute,C1
1901,20,Ausführung,execution,C1
1902,20,ausüben,exert,C1
1903,20,Exil,exile,C1
1904,20,Ausgaben,expenditure,C1
1905,20,Experimental-,experimental,C1
1906,20,erlöschen,expire,C1
1907,20,explizit,explicit,C1
1908,20,ausdrücklich,explicitly,C1
1909,20,Ausbeutung,exploitation,C1
1910,20,explosiv,explosive,C1
1911,20,Extremist,extremist,C1
1912,20,erleichtern,facilitate,C1
1913,20,Fraktion,faction,C1
1914,20,Fakultät,faculty,C1
1915,20,verblassen,fade,C1
1916,20,Fairness,fairness,C1
1917,20,tödlich,fatal,C1
1918,20,Schicksal,fate,C1
1919,20,günstig,favourable,C1
1920,20,feat,feat,C1
1921,20,Feminist,feminist,C1
1922,20,Faser,fibre,C1
1923,20,erbittert,fierce,C1
1924,20,Filmemacher,film-maker,C1
1925,20,Filter,filter,C1
1926,20,Bußgeld,fine,C1
1927,20,Feuerwaffe,firearm,C1
1928,20,fit,fit,C1
1929,20,Vorrichtung,fixture,C1
1930,20,Mangel,flaw,C1
1931,20,fehlerhaft,flawed,C1
1932,20,fliehen,flee,C1
1933,20,Flotte,fleet,C1
1934,20,Fleisch,flesh,C1
1935,20,Flexibilität,flexibility,C1
1936,20,blühen,flourish,C1
1937,20,Flüssigkeit,fluid,C1
1938,20,Filmmaterial,footage,C1
1939,20,Ausländer,foreigner,C1
1940,20,Schmiede,forge,C1
1941,20,Formel,formula,C1
1942,20,formulieren,formulate,C1
1943,20,her,forth,C1
1944,20,bevorstehend,forthcoming,C1
1945,20,fördern,foster,C1
1946,20,zerbrechlich,fragile,C1
1947,20,Franchise,franchise,C1
1948,20,ehrlich gesagt,frankly,C1
1949,20,frustriert,frustrated,C1
1950,20,frustrierend,frustrating,C1
1951,20,Frustration,frustration,C1
1952,20,funktional,functional,C1
1953,20,Fundraising,fundraising,C1
1954,20,Beerdigung,funeral,C1
1955,20,Gallone,gallon,C1
1956,20,Glücksspiel,gambling,C1
1957,20,Versammlung,gathering,C1
1958,20,Blick,gaze,C1
1959,20,Gang,gear,C1
1960,20,generisch,generic,C1
1961,20,Völkermord,genocide,C1
1962,20,Blick,glance,C1
1963,20,Blick,glimpse,C1
1964,20,herrlich,glorious,C1
1965,20,Ruhm,glory,C1
1966,20,Regierungsführung,governance,C1
1967,20,Anmut,grace,C1
1968,20,fassen,grasp,C1
1969,20,Grab,grave,C1
1970,20,Schwerkraft,gravity,C1
1971,20,Netz,grid,C1
1972,20,Kummer,grief,C1
1973,20,Grinsen,grin,C1
1974,20,schleifen,grind,C1
1975,20,Griff,grip,C1
1976,20,brutto,gross,C1
1977,20,Guerilla,guerrilla,C1
1978,20,Anleitung,guidance,C1
1979,20,Schuld,guilt,C1
1980,20,Darm,gut,C1
1981,20,Hagel,hail,C1
1982,20,halb,halfway,C1
1983,20,Halt,halt,C1
1984,20,Hand voll,handful,C1
1985,20,Handhabung,handling,C1
1986,20,praktisch,handy,C1
1987,20,Belästigung,harassment,C1
1988,20,Hardware,hardware,C1
1989,20,Harmonie,harmony,C1
1990,20,harsch,harsh,C1
1991,20,Ernte,harvest,C1
1992,20,Hass,hatred,C1
1993,20,verfolgen,haunt,C1
1994,20,Gefahr,hazard,C1
1995,20,erhöhen,heighten,C1
1996,20,Erbe,heritage,C1
1997,20,Hierarchie,hierarchy,C1
1998,20,hochkarätig,high-profile,C1
1999,20,Hinweis,hint,C1
2000,20,Heimat,homeland,C1
2001,21,hoffnungsvoll,hopeful,C1
2002,21,Horizont,horizon,C1
2003,21,Horn,horn,C1
2004,21,Geisel,hostage,C1
2005,21,feindselig,hostile,C1
2006,21,Feindseligkeit,hostility,C1
2007,21,humanitär,humanitarian,C1
2008,21,Menschheit,humanity,C1
2009,21,bescheiden,humble,C1
2010,21,Wasserstoff,hydrogen,C1
2011,21,Identifikation,identification,C1
2012,21,ideologisch,ideological,C1
2013,21,Ideologie,ideology,C1
2014,21,Idiot,idiot,C1
2015,21,Unwissenheit,ignorance,C1
2016,21,Bilder,imagery,C1
2017,21,immens,immense,C1
2018,21,unmittelbar bevorsteht,imminent,C1
2019,21,Durchführung,implementation,C1
2020,21,einsperren,imprison,C1
2021,21,Haft,imprisonment,C1
2022,21,Unfähigkeit,inability,C1
2023,21,unzureichend,inadequate,C1
2024,21,unangemessen,inappropriate,C1
2025,21,Häufigkeit,incidence,C1
2026,21,geneigt,inclined,C1
2027,21,Aufnahme,inclusion,C1
2028,21,entstehen,incur,C1
2029,21,Indikator,indicator,C1
2030,21,Anklage,indictment,C1
2031,21,einheimisch,indigenous,C1
2032,21,induzieren,induce,C1
2033,21,frönen,indulge,C1
2034,21,Ungleichheit,inequality,C1
2035,21,berüchtigt,infamous,C1
2036,21,Säugling,infant,C1
2037,21,infizieren,infect,C1
2038,21,zufügen,inflict,C1
2039,21,einflussreich,influential,C1
2040,21,inhärent,inherent,C1
2041,21,hemmen,inhibit,C1
2042,21,einleiten,initiate,C1
2043,21,injizieren,inject,C1
2044,21,Injektion,injection,C1
2045,21,Ungerechtigkeit,injustice,C1
2046,21,Insasse,inmate,C1
2047,21,Einfügen,insertion,C1
2048,21,Insider,insider,C1
2049,21,überprüfen,inspect,C1
2050,21,Inspektion,inspection,C1
2051,21,Inspiration,inspiration,C1
2052,21,Instinkt,instinct,C1
2053,21,institutionell,institutional,C1
2054,21,anweisen,instruct,C1
2055,21,instrumental,instrumental,C1
2056,21,unzureichend,insufficient,C1
2057,21,Beleidigung,insult,C1
2058,21,intakt,intact,C1
2059,21,Aufnahme,intake,C1
2060,21,Integral,integral,C1
2061,21,integriert,integrated,C1
2062,21,Integration,integration,C1
2063,21,Integrität,integrity,C1
2064,21,intensivieren,intensify,C1
2065,21,Intensität,intensity,C1
2066,21,intensiv,intensive,C1
2067,21,Absicht,intent,C1
2068,21,interaktiv,interactive,C1
2069,21,Schnittstelle,interface,C1
2070,21,stören,interfere,C1
2071,21,Petition,petition,C1
2072,21,Interferenz,interference,C1
2073,21,vorläufig,interim,C1
2074,21,Innere,interior,C1
2075,21,dazwischenliegend,intermediate,C1
2076,21,eingreifen,intervene,C1
2077,21,Intervention,intervention,C1
2078,21,intim,intimate,C1
2079,21,faszinierend,intriguing,C1
2080,21,Ermittler,investigator,C1
2081,21,unsichtbar,invisible,C1
2082,21,aufrufen,invoke,C1
2083,21,Beteiligung,involvement,C1
2084,21,ironisch,ironic,C1
2085,21,ironisch,ironically,C1
2086,21,Ironie,irony,C1
2087,21,irrelevant,irrelevant,C1
2088,21,Isolierung,isolation,C1
2089,21,gerichtlich,judicial,C1
2090,21,Kreuzung,junction,C1
2091,21,Zuständigkeit,jurisdiction,C1
2092,21,Nur,just,C1
2093,21,Rechtfertigung,justification,C1
2094,21,entführen,kidnap,C1
2095,21,Niere,kidney,C1
2096,21,Königreich,kingdom,C1
2097,21,Junge,lad,C1
2098,21,Vermieter,landlord,C1
2099,21,Wahrzeichen,landmark,C1
2100,21,Schoß,lap,C1
2101,22,großräumig,large-scale,C1
2102,22,Laser,laser,C1
2103,22,letztere,latter,C1
2104,22,Rasen,lawn,C1
2105,22,Klage,lawsuit,C1
2106,22,Layout,layout,C1
2107,22,Leck,leak,C1
2108,22,Sprung,leap,C1
2109,22,Vermächtnis,legacy,C1
2110,22,legendär,legendary,C1
2111,22,Gesetzgebung,legislation,C1
2112,22,gesetzgeberisch,legislative,C1
2113,22,Legislative,legislature,C1
2114,22,legitim,legitimate,C1
2115,22,langwierig,lengthy,C1
2116,22,lesbisch,lesbian,C1
2117,22,geringer,lesser,C1
2118,22,tödlich,lethal,C1
2119,22,haftbar,liable,C1
2120,22,Liberale,liberal,C1
2121,22,Befreiung,liberation,C1
2122,22,Freiheit,liberty,C1
2123,22,Lizenz,license,C1
2124,22,lebenslang,lifelong,C1
2125,22,Wahrscheinlichkeit,likelihood,C1
2126,22,Glied,limb,C1
2127,22,linear,linear,C1
2128,22,ausrichten,line-up,C1
2129,22,verweilen,linger,C1
2130,22,Auflistung,listing,C1
2131,22,Alphabetisierung,literacy,C1
2132,22,Leber,liver,C1
2133,22,Lobby,lobby,C1
2134,22,Protokoll,log,C1
2135,22,Logik,logic,C1
2136,22,seit langem,long-standing,C1
2137,22,lange Zeit,long-time,C1
2138,22,Webstuhl,loom,C1
2139,22,Schleife,loop,C1
2140,22,Loyalität,loyalty,C1
2141,22,Maschinen,machinery,C1
2142,22,benachbart,neighbouring,C1
2143,22,Nest,nest,C1
2144,22,magisch,magical,C1
2145,22,Richter,magistrate,C1
2146,22,magnetisch,magnetic,C1
2147,22,Größe,magnitude,C1
2148,22,Festland,mainland,C1
2149,22,Mainstream,mainstream,C1
2150,22,Wartung,maintenance,C1
2151,22,Mandat,mandate,C1
2152,22,obligatorisch,mandatory,C1
2153,22,Manifest,manifest,C1
2154,22,manipulieren,manipulate,C1
2155,22,Manipulation,manipulation,C1
2156,22,Manuskript,manuscript,C1
2157,22,Marsch,march,C1
2158,22,marginal,marginal,C1
2159,22,Marine,marine,C1
2160,22,Marktplatz,marketplace,C1
2161,22,Maske,mask,C1
2162,22,Massaker,massacre,C1
2163,22,mathematisch,mathematical,C1
2164,22,reifen,mature,C1
2165,22,maximieren,maximize,C1
2166,22,sinnvoll,meaningful,C1
2167,22,inzwischen,meantime,C1
2168,22,mittelalterlich,medieval,C1
2169,22,Meditation,meditation,C1
2170,22,Melodie,melody,C1
2171,22,Memo,memo,C1
2172,22,Memoiren,memoir,C1
2173,22,Denkmal,memorial,C1
2174,22,Mentor,mentor,C1
2175,22,Händler,merchant,C1
2176,22,Barmherzigkeit,mercy,C1
2177,22,bloß,mere,C1
2178,22,lediglich,merely,C1
2179,22,verschmelzen,merge,C1
2180,22,Fusion,merger,C1
2181,22,Verdienst,merit,C1
2182,22,Methodik,methodology,C1
2183,22,Mitte,midst,C1
2184,22,Migration,migration,C1
2185,22,militant,militant,C1
2186,22,Miliz,militia,C1
2187,22,Mühle,mill,C1
2188,22,minimal,minimal,C1
2189,22,minimieren,minimize,C1
2190,22,Bergbau,mining,C1
2191,22,Ministerium,ministry,C1
2192,22,Minute,minute,C1
2193,22,Wunder,miracle,C1
2194,22,Elend,misery,C1
2195,22,irreführend,misleading,C1
2196,22,Rakete,missile,C1
2197,22,Mob,mob,C1
2198,22,Mobilität,mobility,C1
2199,22,mobilisieren,mobilize,C1
2200,22,mäßig,moderate,C1
2201,23,Änderung,modification,C1
2202,23,Schwung,momentum,C1
2203,23,Mönch,monk,C1
2204,23,Monopol,monopoly,C1
2205,23,Moral,morality,C1
2206,23,Motiv,motive,C1
2207,23,Autofahrer,motorist,C1
2208,23,kommunal,municipal,C1
2209,23,gegenseitig,mutual,C1
2210,23,nämlich,namely,C1
2211,23,bundesweit,nationwide,C1
2212,23,Marine-,naval,C1
2213,23,Vernachlässigung,neglect,C1
2214,23,netto,net,C1
2215,23,Newsletter,newsletter,C1
2216,23,Nische,niche,C1
2217,23,edel,noble,C1
2218,23,nicken,nod,C1
2219,23,nominieren,nominate,C1
2220,23,Nominierung,nomination,C1
2221,23,Kandidat,nominee,C1
2222,23,dennoch,nonetheless,C1
2223,23,gemeinnützig,non-profit,C1
2224,23,Unsinn,nonsense,C1
2225,23,Mittag,noon,C1
2226,23,bemerkenswert,notable,C1
2227,23,vor allem,notably,C1
2228,23,benachrichtigen,notify,C1
2229,23,berüchtigt,notorious,C1
2230,23,Roman,novel,C1
2231,23,Kindergarten,nursery,C1
2232,23,Einspruch,objection,C1
2233,23,verpflichten,oblige,C1
2234,23,besessen,obsess,C1
2235,23,Besessenheit,obsession,C1
2236,23,gelegentlich,occasional,C1
2237,23,Auftreten,occurrence,C1
2238,23,Chancen,odds,C1
2239,23,Angebot,offering,C1
2240,23,Nachwuchs,offspring,C1
2241,23,betriebsbereit,operational,C1
2242,23,opt,opt,C1
2243,23,optisch,optical,C1
2244,23,Optimismus,optimism,C1
2245,23,Oral-,oral,C1
2246,23,organisatorisch,organizational,C1
2247,23,Orientierung,orientation,C1
2248,23,entstehen,originate,C1
2249,23,Ausbruch,outbreak,C1
2250,23,Ausflug,outing,C1
2251,23,Steckdose,outlet,C1
2252,23,Ausblick,outlook,C1
2253,23,Empörung,outrage,C1
2254,23,Außenseiter,outsider,C1
2255,23,übersehen,overlook,C1
2256,23,übermäßig,overly,C1
2257,23,überwachen,oversee,C1
2258,23,umkippen,overturn,C1
2259,23,überwältigen,overwhelm,C1
2260,23,überwältigend,overwhelming,C1
2261,23,Unterlage,pad,C1
2262,23,Parameter,parameter,C1
2263,23,elterlich,parental,C1
2264,23,Gemeinde,parish,C1
2265,23,parlamentarisch,parliamentary,C1
2266,23,teilweise,partial,C1
2267,23,teilweise,partially,C1
2268,23,vorbei,passing,C1
2269,23,passiv,passive,C1
2270,23,Pastor,pastor,C1
2271,23,Patch,patch,C1
2272,23,Patent,patent,C1
2273,23,Weg,pathway,C1
2274,23,patrouillieren,patrol,C1
2275,23,Patron,patron,C1
2276,23,Gipfel,peak,C1
2277,23,Bauer,peasant,C1
2278,23,eigenartig,peculiar,C1
2279,23,bestehen,persist,C1
2280,23,hartnäckig,persistent,C1
2281,23,Personal,personnel,C1
2282,23,Philosoph,philosopher,C1
2283,23,philosophisch,philosophical,C1
2284,23,Arzt,physician,C1
2285,23,Pionier,pioneer,C1
2286,23,Pipeline,pipeline,C1
2287,23,Pirat,pirate,C1
2288,23,Grube,pit,C1
2289,23,Plädoyer,plea,C1
2290,23,flehen,plead,C1
2291,23,versprechen,pledge,C1
2292,23,Stecker,plug,C1
2293,23,stürzen,plunge,C1
2294,23,Pole,pole,C1
2295,23,Umfrage,poll,C1
2296,23,Teich,pond,C1
2297,23,Pop,pop,C1
2298,23,Portfolio,portfolio,C1
2299,23,porträtieren,portray,C1
2300,23,verschieben,postpone,C1
2301,24,Nachkriegszeit,post-war,C1
2302,24,Praktiker,practitioner,C1
2303,24,predigen,preach,C1
2304,24,Präzedenzfall,precedent,C1
2305,24,Präzision,precision,C1
2306,24,Raubtier,predator,C1
2307,24,Vorgänger,predecessor,C1
2308,24,überwiegend,predominantly,C1
2309,24,Schwangerschaft,pregnancy,C1
2310,24,Vorurteil,prejudice,C1
2311,24,vorläufig,preliminary,C1
2312,24,Premier,premier,C1
2313,24,Prämisse,premise,C1
2314,24,Prämie,premium,C1
2315,24,verschreiben,prescribe,C1
2316,24,Rezept,prescription,C1
2317,24,gegenwärtig,presently,C1
2318,24,Erhaltung,preservation,C1
2319,24,präsidieren,preside,C1
2320,24,Präsidentschaft,presidency,C1
2321,24,präsidial,presidential,C1
2322,24,prestigeträchtig,prestigious,C1
2323,24,vermutlich,presumably,C1
2324,24,vermuten,presume,C1
2325,24,sich durchsetzen,prevail,C1
2326,24,Prävalenz,prevalence,C1
2327,24,Verhütung,prevention,C1
2328,24,Beute,prey,C1
2329,24,Privatisierung,privatization,C1
2330,24,Privileg,privilege,C1
2331,24,Sonde,probe,C1
2332,24,problematisch,problematic,C1
2333,24,Verfahren,proceedings,C1
2334,24,Erlös,proceeds,C1
2335,24,Verarbeitung,processing,C1
2336,24,Prozessor,processor,C1
2337,24,verkünden,proclaim,C1
2338,24,produktiv,productive,C1
2339,24,Produktivität,productivity,C1
2340,24,profitabel,profitable,C1
2341,24,tiefgreifend,profound,C1
2342,24,Vorsprung,projection,C1
2343,24,prominent,prominent,C1
2344,24,ausgesprochen,pronounced,C1
2345,24,Propaganda,propaganda,C1
2346,24,Satz,proposition,C1
2347,24,strafrechtlich verfolgen,prosecute,C1
2348,24,Strafverfolgung,prosecution,C1
2349,24,Staatsanwalt,prosecutor,C1
2350,24,prospektiv,prospective,C1
2351,24,Wohlstand,prosperity,C1
2352,24,schützend,protective,C1
2353,24,Protokoll,protocol,C1
2354,24,Provinz,province,C1
2355,24,provinziell,provincial,C1
2356,24,Bestimmung,provision,C1
2357,24,provozieren,provoke,C1
2358,24,psychiatrisch,psychiatric,C1
2359,24,Impuls,pulse,C1
2360,24,Pumpe,pump,C1
2361,24,Stempel,punch,C1
2362,24,Abfrage,query,C1
2363,24,Suche,quest,C1
2364,24,Quote,quota,C1
2365,24,Radar,radar,C1
2366,24,Radikale,radical,C1
2367,24,Wut,rage,C1
2368,24,Überfall,raid,C1
2369,24,Rallye,rally,C1
2370,24,Rang,ranking,C1
2371,24,vergewaltigen,rape,C1
2372,24,Verhältnis,ratio,C1
2373,24,rational,rational,C1
2374,24,Strahl,ray,C1
2375,24,leicht,readily,C1
2376,24,Realisierung,realization,C1
2377,24,Reich,realm,C1
2378,24,hinteren,rear,C1
2379,24,Argumentation,reasoning,C1
2380,24,beruhigen,reassure,C1
2381,24,Rebell,rebel,C1
2382,24,Rebellion,rebellion,C1
2383,24,Empfänger,recipient,C1
2384,24,Wiederaufbau,reconstruction,C1
2385,24,erzählen,recount,C1
2386,24,Referendum,referendum,C1
2387,24,Spiegelung,reflection,C1
2388,24,Reform,reform,C1
2389,24,Zuflucht,refuge,C1
2390,24,Ablehnung,refusal,C1
2391,24,wiedergewinnen,regain,C1
2392,24,egal,regardless,C1
2393,24,Regime,regime,C1
2394,24,Regler,regulator,C1
2395,24,regulatorisch,regulatory,C1
2396,24,Rehabilitation,rehabilitation,C1
2397,24,regieren,reign,C1
2398,24,Ablehnung,rejection,C1
2399,24,Relevanz,relevance,C1
2400,24,Zuverlässigkeit,reliability,C1
2401,25,widerwillig,reluctant,C1
2402,25,Rest,remainder,C1
2403,25,Überreste,remains,C1
2404,25,Abhilfe,remedy,C1
2405,25,Erinnerung,reminder,C1
2406,25,Entfernung,removal,C1
2407,25,machen,render,C1
2408,25,erneuern,renew,C1
2409,25,bekannt,renowned,C1
2410,25,Vermietung,rental,C1
2411,25,Ersatz,replacement,C1
2412,25,angeblich,reportedly,C1
2413,25,Darstellung,representation,C1
2414,25,reproduzieren,reproduce,C1
2415,25,Reproduktion,reproduction,C1
2416,25,Republik,republic,C1
2417,25,ähneln,resemble,C1
2418,25,wohnen,reside,C1
2419,25,Residenz,residence,C1
2420,25,Wohnen,residential,C1
2421,25,Rückstand,residue,C1
2422,25,Rücktritt,resignation,C1
2423,25,Widerstand,resistance,C1
2424,25,jeweiligen,respective,C1
2425,25,jeweils,respectively,C1
2426,25,Wiederherstellung,restoration,C1
2427,25,Zurückhaltung,restraint,C1
2428,25,wieder aufnehmen,resume,C1
2429,25,Rückzug,retreat,C1
2430,25,abrufen,retrieve,C1
2431,25,Offenbarung,revelation,C1
2432,25,Rache,revenge,C1
2433,25,umkehren,reverse,C1
2434,25,Wiederbelebung,revival,C1
2435,25,beleben,revive,C1
2436,25,revolutionär,revolutionary,C1
2437,25,Rhetorik,rhetoric,C1
2438,25,Gewehr,rifle,C1
2439,25,Aufstand,riot,C1
2440,25,Ruhe in Frieden,rip,C1
2441,25,Ritual,ritual,C1
2442,25,robust,robust,C1
2443,25,Felsen,rock,C1
2444,25,Stange,rod,C1
2445,25,drehen,rotate,C1
2446,25,Drehung,rotation,C1
2447,25,Urteil,ruling,C1
2448,25,Gerücht,rumour,C1
2449,25,Sack,sack,C1
2450,25,heilig,sacred,C1
2451,25,opfern,sacrifice,C1
2452,25,Heilige,saint,C1
2453,25,willen,sake,C1
2454,25,Sanktion,sanction,C1
2455,25,sagen,say,C1
2456,25,verstreut,scattered,C1
2457,25,skeptisch,sceptical,C1
2458,25,Umfang,scope,C1
2459,25,schrauben,screw,C1
2460,25,Prüfung,scrutiny,C1
2461,25,Siegel,seal,C1
2462,25,weltlich,secular,C1
2463,25,scheinbar,seemingly,C1
2464,25,Segment,segment,C1
2465,25,ergreifen,seize,C1
2466,25,selten,seldom,C1
2467,25,selektiv,selective,C1
2468,25,Senator,senator,C1
2469,25,Sensation,sensation,C1
2470,25,Empfindlichkeit,sensitivity,C1
2471,25,Gefühl,sentiment,C1
2472,25,Trennung,separation,C1
2473,25,seriell,serial,C1
2474,25,Siedlung,settlement,C1
2475,25,aufstellen,set-up,C1
2476,25,Sexualität,sexuality,C1
2477,25,Aktionär,shareholder,C1
2478,25,zerschmettern,shatter,C1
2479,25,Baracke,shed,C1
2480,25,schlicht,sheer,C1
2481,25,Versand,shipping,C1
2482,25,schießen,shoot,C1
2483,25,schrumpfen,shrink,C1
2484,25,zucken,shrug,C1
2485,25,seufzen,sigh,C1
2486,25,simulieren,simulate,C1
2487,25,Simulation,simulation,C1
2488,25,gleichzeitig,simultaneously,C1
2489,25,Sünde,sin,C1
2490,25,gelegen,situated,C1
2491,25,skizzieren,sketch,C1
2492,25,überspringen,skip,C1
2493,25,zuschlagen,slam,C1
2494,25,schlagen,slap,C1
2495,25,Schrägstrich,slash,C1
2496,25,Sklaverei,slavery,C1
2497,25,Slot,slot,C1
2498,25,zerschlagen,smash,C1
2499,25,Schnapp,snap,C1
2500,25,einweichen,soak,C1
2501,26,steigen,soar,C1
2502,26,sozialistisch,socialist,C1
2503,26,"Sohle, einzig, alleinig",sole,C1
2504,26,nur,solely,C1
2505,26,Rechtsanwalt,solicitor,C1
2506,26,Solidarität,solidarity,C1
2507,26,Solo,solo,C1
2508,26,Klang,sound,C1
2509,26,Souveränität,sovereignty,C1
2510,26,Spam,spam,C1
2511,26,Spanne,span,C1
2512,26,Funke,spark,C1
2513,26,spezialisiert,specialized,C1
2514,26,Spezifikation,specification,C1
2515,26,Probe,specimen,C1
2516,26,Schauspiel,spectacle,C1
2517,26,Spektrum,spectrum,C1
2518,26,Fluch,spell,C1
2519,26,Kugel,sphere,C1
2520,26,drehen,spin,C1
2521,26,Wirbelsäule,spine,C1
2522,26,Scheinwerfer,spotlight,C1
2523,26,Ehepartner,spouse,C1
2524,26,Spion,spy,C1
2525,26,Kader,squad,C1
2526,26,quetschen,squeeze,C1
2527,26,stechen,stab,C1
2528,26,Stabilität,stability,C1
2529,26,stabilisieren,stabilize,C1
2530,26,Einsatz,stake,C1
2531,26,Stehen,standing,C1
2532,26,krass,stark,C1
2533,26,statistisch,statistical,C1
2534,26,steuern,steer,C1
2535,26,Stängel,stem,C1
2536,26,Stereotyp,stereotype,C1
2537,26,Stimulus,stimulus,C1
2538,26,Aufsehen,stir,C1
2539,26,Lagerung,storage,C1
2540,26,einfach,straightforward,C1
2541,26,Beanspruchung,strain,C1
2542,26,Strand,strand,C1
2543,26,strategisch,strategic,C1
2544,26,auffällig,striking,C1
2545,26,Streifen,strip,C1
2546,26,streben,strive,C1
2547,26,strukturell,structural,C1
2548,26,stolpern,stumble,C1
2549,26,betäuben,stun,C1
2550,26,Vorlage,submission,C1
2551,26,Teilnehmer,subscriber,C1
2552,26,Abonnement,subscription,C1
2553,26,Subvention,subsidy,C1
2554,26,erheblich,substantial,C1
2555,26,im Wesentlichen,substantially,C1
2556,26,Ersatz,substitute,C1
2557,26,Auswechslung,substitution,C1
2558,26,subtil,subtle,C1
2559,26,Vorort-,suburban,C1
2560,26,Folge,succession,C1
2561,26,sukzessive,successive,C1
2562,26,Nachfolger,successor,C1
2563,26,saugen,suck,C1
2564,26,verklagen,sue,C1
2565,26,Selbstmord,suicide,C1
2566,26,Suite,suite,C1
2567,26,Gipfel,summit,C1
2568,26,großartig,superb,C1
2569,26,Vorgesetzter,superior,C1
2570,26,überwachen,supervise,C1
2571,26,Aufsicht,supervision,C1
2572,26,Aufsicht,supervisor,C1
2573,26,ergänzen,supplement,C1
2574,26,unterstützend,supportive,C1
2575,26,angeblich,supposedly,C1
2576,26,unterdrücken,suppress,C1
2577,26,höchste,supreme,C1
2578,26,Anstieg,surge,C1
2579,26,chirurgisch,surgical,C1
2580,26,Überschuss,surplus,C1
2581,26,aufgeben,surrender,C1
2582,26,Überwachung,surveillance,C1
2583,26,Suspension,suspension,C1
2584,26,Verdacht,suspicion,C1
2585,26,verdächtig,suspicious,C1
2586,26,aufrechterhalten,sustain,C1
2587,26,Swing,swing,C1
2588,26,Schwert,sword,C1
2589,26,symbolisch,symbolic,C1
2590,26,Syndrom,syndrome,C1
2591,26,Synthese,synthesis,C1
2592,26,systematisch,systematic,C1
2593,26,Taktik,tactic,C1
2594,26,taktisch,tactical,C1
2595,26,Steuerzahler,taxpayer,C1
2596,26,versuchen,tempt,C1
2597,26,Mieter,tenant,C1
2598,26,zart,tender,C1
2599,26,Amtszeit,tenure,C1
2600,26,beenden,terminate,C1
2601,27,Terrain,terrain,C1
2602,27,ausgezeichnet,terrific,C1
2603,27,bezeugen,testify,C1
2604,27,Zeugnis,testimony,C1
2605,27,Textur,texture,C1
2606,27,Zum Glück,thankfully,C1
2607,27,theatralisch,theatrical,C1
2608,27,Theologie,theology,C1
2609,27,theoretisch,theoretical,C1
2610,27,danach,thereafter,C1
2611,27,dadurch,thereby,C1
2612,27,nachdenklich,thoughtful,C1
2613,27,regt zum Nachdenken an,thought-provoking,C1
2614,27,Faden,thread,C1
2615,27,Schwelle,threshold,C1
2616,27,begeistert,thrilled,C1
2617,27,gedeihen,thrive,C1
2618,27,Tide,tide,C1
2619,27,anziehen,tighten,C1
2620,27,Holz,timber,C1
2621,27,rechtzeitig,timely,C1
2622,27,Tabak,tobacco,C1
2623,27,Toleranz,tolerance,C1
2624,27,tolerieren,tolerate,C1
2625,27,Maut,toll,C1
2626,27,Spitze,top,C1
2627,27,Folter,torture,C1
2628,27,werfen,toss,C1
2629,27,gesamt,total,C1
2630,27,giftig,toxic,C1
2631,27,Warenzeichen,trademark,C1
2632,27,Pfad,trail,C1
2633,27,Anhänger,trailer,C1
2634,27,Transaktion,transaction,C1
2635,27,Transkript,transcript,C1
2636,27,Transformation,transformation,C1
2637,27,Transit,transit,C1
2638,27,Übertragung,transmission,C1
2639,27,Transparenz,transparency,C1
2640,27,transparent,transparent,C1
2641,27,Trauma,trauma,C1
2642,27,Vertrag,treaty,C1
2643,27,enorm,tremendous,C1
2644,27,Stammes,tribal,C1
2645,27,Gericht,tribunal,C1
2646,27,Tribut,tribute,C1
2647,27,Trio,trio,C1
2648,27,Triumph,triumph,C1
2649,27,Trophäe,trophy,C1
2650,27,beunruhigt,troubled,C1
2651,27,Treuhänder,trustee,C1
2652,27,Unterricht,tuition,C1
2653,27,sich herausstellen,turnout,C1
2654,27,Umsatz,turnover,C1
2655,27,Twist,twist,C1
2656,27,Bachelor,undergraduate,C1
2657,27,zugrundeliegend,underlying,C1
2658,27,untergraben,undermine,C1
2659,27,zweifellos,undoubtedly,C1
2660,27,vereinheitlichen,unify,C1
2661,27,beispiellos,unprecedented,C1
2662,27,enthüllen,unveil,C1
2663,27,bevorstehende,upcoming,C1
2664,27,Upgrade,upgrade,C1
2665,27,aufrechterhalten,uphold,C1
2666,27,Dienstprogramm,utility,C1
2667,27,nutzen,utilize,C1
2668,27,vollkommen,utterly,C1
2669,27,Vakuum,vacuum,C1
2670,27,vage,vague,C1
2671,27,Gültigkeit,validity,C1
2672,27,verschwinden,vanish,C1
2673,27,Variable,variable,C1
2674,27,abwechslungsreich,varied,C1
2675,27,Vene,vein,C1
2676,27,wagen,venture,C1
2677,27,verbal,verbal,C1
2678,27,Urteil,verdict,C1
2679,27,verifizieren,verify,C1
2680,27,Vers,verse,C1
2681,27,gegen,versus,C1
2682,27,Schiff,vessel,C1
2683,27,Veteran,veteran,C1
2684,27,lebensfähig,viable,C1
2685,27,lebendig,vibrant,C1
2686,27,Vize,vice,C1
2687,27,bösartig,vicious,C1
2688,27,Dorfbewohner,villager,C1
2689,27,verletzen,violate,C1
2690,27,Verstoß,violation,C1
2691,27,Tugend,virtue,C1
2692,27,stimmlich,vocal,C1
2693,27,Gelübde,vow,C1
2694,27,Verletzlichkeit,vulnerability,C1
2695,27,verletzlich,vulnerable,C1
2696,27,Station,ward,C1
2697,27,Lager,warehouse,C1
2698,27,Krieg,warfare,C1
2699,27,Gewährleistung,warrant,C1
2700,27,Krieger,warrior,C1
2701,28,schwächen,weaken,C1
2702,28,weben,weave,C1
2703,28,Unkraut,weed,C1
2704,28,Also,well,C1
2705,28,Wohlbefinden,well-being,C1
2706,28,was auch immer,whatsoever,C1
2707,28,wodurch,whereby,C1
2708,28,während,whilst,C1
2709,28,Peitsche,whip,C1
2710,28,ganz,wholly,C1
2711,28,erweitern,widen,C1
2712,28,Witwe,widow,C1
2713,28,Breite,width,C1
2714,28,Bereitschaft,willingness,C1
2715,28,wischen,wipe,C1
2716,28,Witz,wit,C1
2717,28,Rückzug,withdrawal,C1
2718,28,trainieren,workout,C1
2719,28,Verehrung,worship,C1
2720,28,lohnt sich,worthwhile,C1
2721,28,würdig,worthy,C1
2722,28,Schrei,yell,C1
2723,28,Ertrag,yield,C1
2724,28,Jugendlicher,youngster,C1
